Goal,Offering_days,Coin_Num,Team_Size,Country_Region,Category_Num,Overall_Rating,Team_Rating,Product_Rating,Platform,Accepting_Currency_Num,Whitepaper,Video,Social_Media,GitHub,Team_LinkedIn,Team_Photos,CEO_Photo
0,45.0,12750000,14,Estonia,4,2.6,2.4,2.4,1.0,1.0,1,1,0,0,0.86,1.0,0
0,31.0,0,13,Singapore,1,2.1,0.0,0.0,0.0,1.0,1,1,0,1,0.0,1.0,0
1,5.0,2220000000,9,Singapore,2,2.5,0.0,0.0,1.0,1.0,1,0,3,0,0.0,1.0,0
1,26.0,45000000,7,Mexico,11,2.1,1.0,2.0,1.0,2.0,1,0,0,0,0.0,1.0,1
1,1.0,80000000,20,Gibraltar,3,4.3,4.4,4.0,1.0,1.0,1,1,2,1,1.0,1.0,0
0,49.0,120000000,10,South Africa,5,3.5,3.3,3.3,1.0,1.0,1,1,3,1,0.9,1.0,1
0,30.0,10000000,4,Switzerland,2,2.5,0.0,0.0,1.0,1.0,1,1,0,1,1.0,1.0,1
1,30.0,51000000,22,UK,3,3.5,4.2,3.6,1.0,3.0,1,0,3,1,0.95,1.0,0
1,30.0,6000000,7,Russia,2,3.3,3.0,3.0,1.0,1.0,1,1,0,1,0.29,1.0,1
0,29.0,0,13,Estonia,4,2.0,0.0,0.0,1.0,1.0,1,0,0,0,0.23,1.0,0
0,30.0,0,7,USA,3,2.1,1.0,1.0,1.0,1.0,1,0,3,1,0.0,0.57,0
1,28.0,30000000,12,Japan,1,2.3,0.0,0.0,1.0,3.0,1,1,0,0,0.0,1.0,1
0,28.0,0,4,UK,3,1.9,4.0,4.0,1.0,2.0,1,0,0,0,0.0,0.0,0
0,31.0,100000000,3,UAE,2,1.8,3.0,3.0,0.0,1.0,1,1,0,0,0.0,0.0,0
1,31.0,29999997,6,Switzerland,1,2.5,0.0,0.0,0.0,3.0,1,1,0,1,0.0,1.0,0
0,50.0,0,10,Russia,3,3.4,3.2,3.0,1.0,1.0,1,1,0,1,0.9,1.0,1
0,92.0,30000000,8,USA,1,2.3,0.0,0.0,1.0,1.0,1,1,0,0,0.88,1.0,0
0,84.0,0,8,Cyprus,3,2.8,0.0,0.0,1.0,4.0,1,0,0,1,0.5,1.0,0
1,4.0,187500000,14,USA,2,2.9,3.0,3.0,1.0,2.0,1,1,3,1,1.0,1.0,1
0,32.0,0,4,Bulgaria,1,1.5,0.0,0.0,0.0,10.0,1,0,0,0,0.0,1.0,0
0,28.0,400000000,1,Russia,1,1.3,1.0,1.0,0.0,3.0,1,0,0,0,0.0,1.0,1
1,32.0,3000000,9,UAE,1,2.8,0.0,0.0,1.0,2.0,1,1,0,1,0.0,1.0,0
0,17.0,142975000,23,USA,5,3.6,3.5,3.5,1.0,3.0,1,0,3,1,0.96,1.0,0
0,89.0,200000000,9,USA,5,3.9,4.6,4.3,1.0,7.0,1,1,0,0,1.0,0.88,1
1,30.0,24000000,11,Singapore,3,3.2,3.2,2.7,1.0,4.0,1,1,0,1,0.91,1.0,0
1,28.0,122400000,16,Cyprus,3,3.0,3.1,2.6,1.0,1.0,1,1,0,1,1.0,1.0,0
1,91.0,1,10,India,4,4.3,3.9,4.4,1.0,1.0,1,1,0,1,1.0,1.0,0
0,7.0,204000000,21,Isle of Man,5,4.1,5.0,4.6,1.0,1.0,1,1,0,0,0.9,1.0,0
0,45.0,21000000,4,Russia,1,2.1,2.3,2.3,1.0,1.0,1,0,0,0,0.5,1.0,0
0,27.0,0,10,Russia,5,3.0,3.0,3.2,1.0,3.0,1,1,0,1,0.6,1.0,0
0,45.0,139000000,6,Thailand,1,2.4,0.0,0.0,1.0,1.0,1,1,0,0,0.0,1.0,0
0,31.0,20000000,6,Russia,3,2.9,0.0,0.0,1.0,2.0,1,1,0,0,0.33,1.0,0
0,22.0,15000000,6,Seychelles,6,2.4,0.0,0.0,1.0,1.0,1,1,0,0,0.0,1.0,0
1,28.0,350000000,14,Slovenia,3,3.3,4.0,3.5,1.0,1.0,1,1,2,0,0.86,1.0,0
0,31.0,20000000,9,Latvia,3,3.8,3.7,3.9,1.0,1.0,1,1,0,1,0.89,1.0,0
0,48.0,192000000,16,Czech Republic,2,2.8,0.0,0.0,1.0,1.0,1,0,0,1,0.69,1.0,0
1,31.0,433494437,15,USA,2,2.6,0.0,0.0,1.0,2.0,1,1,3,1,1.0,1.0,1
1,0.0,1000000000,12,USA,1,2.8,5.0,4.5,1.0,1.0,1,1,3,0,0.0,1.0,1
0,44.0,363200000,15,Bulgaria,2,3.0,0.0,0.0,1.0,3.0,1,1,0,1,0.33,1.0,0
1,16.0,3000000000,17,Russia,4,3.1,3.5,3.0,1.0,3.0,1,1,0,1,0.29,1.0,0
1,77.0,21000000,13,Estonia,3,4.5,4.1,4.2,1.0,5.0,1,1,0,1,1.0,1.0,0
1,31.0,60000000,4,USA,1,2.3,0.0,0.0,1.0,1.0,1,0,0,0,0.0,1.0,0
0,171.0,10000000,6,Russia,2,2.1,3.0,2.0,0.0,3.0,1,0,0,0,0.0,1.0,0
1,31.0,500000000,13,Estonia,3,4.2,4.5,3.9,1.0,2.0,1,1,3,1,1.0,1.0,0
0,30.0,65000000,7,USA,3,2.4,0.0,0.0,1.0,1.0,1,1,0,0,0.0,1.0,0
1,29.0,185,9,Canada,2,2.6,0.0,0.0,1.0,2.0,1,1,0,0,0.0,1.0,1
1,28.0,700000000,21,Marshall Islands,10,4.4,4.7,4.2,1.0,1.0,1,1,3,1,0.95,1.0,0
1,28.0,750000000,11,Singapore,2,4.1,4.3,3.8,1.0,1.0,1,1,0,1,1.0,1.0,1
1,12.0,10000000,21,Singapore,4,4.3,4.3,4.2,1.0,2.0,1,1,0,1,0.95,1.0,0
0,14.0,800000,3,Belgium,1,1.9,0.0,0.0,1.0,1.0,1,1,0,1,0.0,1.0,0
0,30.0,50000000,9,India,1,2.9,3.2,3.1,1.0,2.0,1,1,0,1,1.0,1.0,0
0,30.0,0,8,USA,3,3.4,3.0,3.2,1.0,1.0,1,1,0,1,1.0,1.0,1
1,31.0,30000000,16,UAE,3,4.5,4.7,4.7,1.0,4.0,1,1,0,1,0.69,1.0,1
1,34.0,5000000000,42,Luxembourg,10,3.4,2.9,3.2,1.0,1.0,1,1,3,1,0.98,1.0,0
1,0.0,500000000,14,Switzerland,5,4.1,4.6,3.8,1.0,1.0,1,1,3,1,0.0,1.0,1
1,31.0,150000000,29,Estonia,2,4.1,4.4,4.0,1.0,1.0,1,1,0,1,0.66,1.0,0
0,61.0,0,11,Singapore,3,1.5,0.0,0.0,0.0,1.0,0,1,0,0,1.0,1.0,0
0,25.0,10000000,6,Singapore,2,1.6,2.0,1.0,1.0,2.0,1,0,0,0,0.0,1.0,0
1,10.0,10500000,13,Sweden,1,3.2,4.0,5.0,1.0,1.0,1,1,0,1,0.0,1.0,0
0,25.0,20000000,11,Russia,2,2.8,3.7,3.0,1.0,1.0,1,1,0,0,0.73,1.0,0
0,23.0,86400000,8,Hungary,2,2.5,0.0,0.0,1.0,4.0,1,1,0,0,1.0,1.0,0
0,30.0,300000000,6,USA,2,2.5,0.0,0.0,1.0,1.0,1,0,0,1,0.67,1.0,0
1,30.0,30000000,10,Slovenia,3,4.2,4.2,4.0,1.0,1.0,1,1,0,1,0.7,1.0,0
1,42.0,375000000,16,Slovenia,2,4.1,4.6,4.0,1.0,2.0,1,1,0,0,0.94,1.0,1
0,30.0,0,4,Ukraine,3,1.8,0.0,0.0,1.0,1.0,1,0,0,0,0.0,1.0,1
1,9.0,350000000,15,Estonia,4,4.0,4.0,4.0,1.0,4.0,1,0,0,0,1.0,1.0,0
1,28.0,45000000,7,Spain,7,2.8,0.0,0.0,1.0,1.0,1,0,0,1,0.71,1.0,0
0,61.0,0,4,Russia,1,1.4,2.0,2.0,0.0,1.0,0,0,0,0,0.0,1.0,0
0,30.0,105000000,11,Vietnam,3,2.3,0.0,0.0,0.0,1.0,1,0,0,1,0.64,1.0,0
1,30.0,11500000,23,Canada,1,3.1,0.0,0.0,0.0,2.0,1,1,3,0,0.0,1.0,1
1,42.0,10350000,6,Sweden,1,2.8,3.0,3.0,1.0,1.0,1,1,0,1,0.17,1.0,0
1,16.0,10000000000,21,Lithuania,1,3.5,3.2,2.0,1.0,1.0,1,1,0,0,0.86,0.86,0
0,26.0,300000000,8,Canada,2,1.6,0.0,0.0,1.0,1.0,0,0,0,1,0.0,1.0,0
1,30.0,600000000,13,Austria,2,3.7,4.5,3.9,1.0,1.0,1,1,2,1,1.0,1.0,1
0,60.0,75000000,12,Estonia,3,2.9,4.0,4.0,1.0,1.0,1,1,0,1,0.58,1.0,0
0,40.0,70000000,7,Latvia,1,2.9,0.0,0.0,1.0,1.0,1,0,0,0,1.0,1.0,1
0,30.0,600000000,15,Korea,4,2.4,0.0,0.0,1.0,1.0,1,0,0,0,0.47,1.0,1
1,46.0,3500000000,24,Japan,6,3.0,0.0,0.0,1.0,1.0,1,1,0,0,0.44,1.0,0
0,4.0,3200000000,9,Singapore,1,2.0,0.0,0.0,1.0,1.0,1,0,3,0,0.0,1.0,0
0,45.0,2250000000,4,Ukraine,2,2.3,0.0,0.0,1.0,1.0,1,0,0,0,0.0,1.0,0
1,45.0,75000000,19,USA,1,4.1,4.2,4.1,1.0,1.0,1,1,0,1,1.0,1.0,0
1,29.0,10000000,4,Panama,1,3.0,0.0,0.0,0.0,1.0,1,0,3,0,0.0,1.0,1
1,28.0,250000000,23,Estonia,1,2.9,0.0,0.0,1.0,1.0,1,0,0,0,0.43,1.0,1
1,76.0,22440000,5,UK,3,2.1,3.0,2.4,1.0,5.0,1,0,0,0,0.0,1.0,0
1,36.0,8700000,12,USA,2,2.4,3.5,3.2,1.0,1.0,0,1,0,0,1.0,1.0,0
1,90.0,24999999,22,UK,7,4.2,4.7,4.1,1.0,2.0,1,1,2,1,0.96,1.0,1
0,29.0,0,4,Malaysia,1,2.3,0.0,0.0,0.0,3.0,1,0,2,0,0.0,1.0,0
0,59.0,255200,8,Canada,4,2.9,3.0,3.0,1.0,1.0,1,1,0,1,1.0,1.0,0
1,27.0,1000000000,3,USA,2,2.5,0.0,0.0,1.0,1.0,1,1,0,1,0.0,1.0,0
0,16.0,7,15,Spain,6,4.3,4.3,4.2,1.0,2.0,1,1,0,1,0.86,1.0,0
0,27.0,500000000,9,USA,2,2.9,3.3,3.0,1.0,1.0,1,0,0,1,0.0,0.0,0
0,61.0,437000000,11,Slovenia,4,2.6,0.0,0.0,1.0,1.0,1,0,0,0,0.55,1.0,0
0,63.0,39999999,3,Russia,2,1.8,2.0,2.0,0.0,4.0,1,1,0,0,0.0,1.0,0
0,62.0,80,8,UK,5,2.4,3.5,2.7,0.0,2.0,1,1,0,0,0.88,1.0,1
1,30.0,8550000000,9,Singapore,1,2.4,0.0,0.0,1.0,2.0,1,1,0,0,0.63,1.0,0
0,27.0,72000000,12,UK,4,3.0,0.0,0.0,1.0,1.0,1,1,3,0,0.08,1.0,0
1,0.0,120000000,31,Slovenia,1,4.3,4.7,3.9,1.0,1.0,1,1,3,1,0.94,1.0,1
0,22.0,0,8,UK,2,2.0,0.0,0.0,1.0,1.0,1,0,0,0,0.0,1.0,0
1,30.0,3000000,22,Russia,2,3.3,3.0,3.0,1.0,5.0,1,1,0,1,0.59,1.0,1
0,60.0,245000000,6,Lithuania,1,2.2,1.6,1.6,1.0,1.0,1,1,0,1,1.0,1.0,1
0,32.0,0,10,Switzerland,2,2.3,0.0,0.0,1.0,1.0,1,1,0,0,0.9,1.0,0
0,69.0,0,12,UK,1,1.4,0.0,0.0,0.0,2.0,0,1,0,1,1.0,1.0,0
0,30.0,22000,10,Russia,3,2.9,3.5,4.1,1.0,3.0,1,1,0,0,0.2,1.0,1
0,25.0,800000000,3,USA,1,2.1,0.0,0.0,1.0,1.0,1,1,0,0,1.0,1.0,0
0,30.0,65000000,10,Malaysia,1,2.4,2.0,1.0,0.0,10.0,1,1,0,0,0.7,1.0,0
1,32.0,400000000,20,Switzerland,3,2.4,0.0,0.0,1.0,3.0,1,0,0,1,0.95,1.0,1
1,91.0,14000000,9,Laos,2,3.2,3.7,3.7,1.0,2.0,1,1,0,0,0.44,1.0,0
0,31.0,0,2,Georgia,2,1.9,0.0,0.0,0.0,1.0,1,1,0,0,0.0,1.0,0
0,28.0,250000000,21,Singapore,1,3.1,2.8,4.1,1.0,1.0,1,0,2,1,0.0,1.0,1
1,21.0,1500000000,16,UK,2,3.7,3.8,3.5,1.0,1.0,1,1,0,1,1.0,1.0,0
1,0.0,5100000000,13,China,4,3.7,3.5,3.3,0.0,1.0,1,1,0,1,0.85,1.0,0
0,44.0,100000000,6,Canada,1,2.6,2.7,2.7,1.0,5.0,1,1,0,0,1.0,1.0,1
0,28.0,1782692307,24,Germany,4,3.3,4.0,4.0,1.0,1.0,1,1,0,1,0.83,1.0,1
1,30.0,36900000,8,Netherland,4,3.5,0.0,0.0,1.0,1.0,1,0,3,0,0.88,1.0,1
1,31.0,350000000,15,USA,1,4.1,4.6,4.4,1.0,1.0,1,1,0,1,1.0,1.0,1
0,39.0,42000000,12,Luxembourg,5,2.3,1.8,1.3,1.0,3.0,1,0,0,0,0.91,1.0,0
0,28.0,0,7,Russia,2,2.8,0.0,0.0,0.0,1.0,1,0,3,0,0.57,1.0,1
0,30.0,6000000000,3,USA,2,2.1,0.0,0.0,1.0,1.0,1,1,0,1,1.0,1.0,0
1,85.0,400000000,40,Gibraltar,1,4.0,4.4,3.7,1.0,2.0,1,1,3,1,0.58,0.9,1
1,30.0,425000000,18,Brazil,4,4.3,4.4,4.1,1.0,1.0,1,1,0,1,1.0,1.0,0
1,14.0,9,14,Singapore,3,3.2,3.0,3.0,1.0,1.0,1,1,3,1,0.54,1.0,1
0,31.0,54600000,19,Canada,1,3.4,3.6,3.2,1.0,1.0,1,1,3,1,0.74,0.95,0
0,65.0,0,4,Sweden,1,1.7,1.0,1.0,1.0,1.0,1,0,0,0,0.0,1.0,0
1,68.0,55000000,19,UK,7,4.6,4.8,4.4,0.0,3.0,1,1,3,1,1.0,1.0,0
0,30.0,100000000,8,Germany,4,2.4,0.0,0.0,1.0,2.0,1,0,0,0,0.25,1.0,0
1,30.0,12500000,18,Gibraltar,6,3.0,3.7,2.1,1.0,2.0,1,1,0,1,0.94,1.0,0
1,10.0,18,4,Singapore,1,3.4,3.4,2.4,1.0,1.0,1,1,0,1,0.0,1.0,0
1,90.0,3000000000,17,USA,2,2.6,0.0,0.0,1.0,1.0,1,1,0,0,1.0,0.71,1
1,40.0,570500000,32,Slovenia,3,4.1,3.7,4.2,1.0,1.0,1,1,0,1,0.72,1.0,0
1,21.0,110000000,18,Indonesia,4,3.4,0.0,0.0,1.0,2.0,1,1,0,1,0.0,1.0,0
1,31.0,240000000000,25,Netherland,1,3.7,4.3,3.5,1.0,1.0,1,1,0,1,0.85,1.0,1
1,27.0,395000000,17,France,14,3.6,3.9,2.5,0.0,2.0,1,1,0,1,1.0,1.0,1
0,44.0,85000000,6,UK,1,2.6,0.0,0.0,1.0,3.0,1,1,0,0,1.0,1.0,0
0,26.0,0,7,UK,1,2.9,2.0,2.6,0.0,1.0,1,1,2,1,1.0,1.0,0
0,59.0,150000000,11,UK,1,2.5,0.0,0.0,1.0,3.0,1,1,0,0,1.0,1.0,0
1,119.0,14250000,8,Switzerland,2,3.8,0.0,0.0,1.0,3.0,1,1,3,1,0.5,1.0,0
1,56.0,650000000,13,UK,1,3.4,3.0,3.1,1.0,4.0,1,1,0,1,0.62,1.0,1
1,30.0,124500000,10,Switzerland,6,3.0,3.2,3.3,1.0,3.0,1,1,0,0,0.0,1.0,0
0,50.0,50000000,2,Germany,3,2.3,1.0,1.0,1.0,1.0,1,0,3,1,1.0,0.0,0
0,41.0,70000000,10,Austria,2,2.1,2.3,2.0,1.0,1.0,1,0,0,0,0.67,0.78,0
1,13.0,150000000,20,USA,1,4.0,4.4,3.6,1.0,1.0,1,0,0,1,1.0,1.0,1
0,28.0,100000000,11,Mexico,3,3.0,5.0,4.0,1.0,1.0,1,1,0,1,1.0,1.0,0
0,30.0,20000000,5,Canada,1,2.0,0.0,0.0,1.0,1.0,1,0,0,0,0.0,1.0,0
0,20.0,0,5,Bulgaria,1,2.1,0.0,0.0,1.0,1.0,1,0,0,0,1.0,1.0,0
1,2.0,250000000,15,Slovenia,3,3.8,4.1,3.2,1.0,1.0,1,1,3,1,1.0,1.0,0
0,0.0,55000000,7,USA,1,2.5,5.0,5.0,1.0,1.0,0,1,3,0,0.0,1.0,0
1,60.0,500000000,9,Russia,4,2.3,0.0,0.0,1.0,1.0,1,0,0,1,0.11,1.0,0
0,43.0,30000000,4,USA,5,1.3,0.0,0.0,1.0,1.0,1,0,0,0,0.0,0.0,0
0,30.0,330000000,3,USA,2,2.4,3.0,2.0,1.0,1.0,1,0,0,1,1.0,1.0,0
1,0.0,53252246,5,UK,1,3.1,0.0,0.0,1.0,1.0,1,0,0,1,1.0,1.0,0
0,14.0,150000,4,Japan,2,1.9,2.0,2.0,1.0,1.0,1,0,0,0,1.0,0.0,0
0,42.0,65000000,1,UK,4,1.7,1.0,1.0,1.0,2.0,1,0,0,0,1.0,0.0,0
0,30.0,50000000,6,India,3,2.8,3.0,4.0,1.0,1.0,1,1,0,1,0.5,1.0,0
0,204.0,60000000,7,USA,3,2.5,0.0,0.0,1.0,1.0,1,0,0,1,0.43,1.0,0
1,0.0,87000000,10,France,1,3.1,0.0,0.0,0.0,2.0,1,1,2,0,0.9,0.0,0
0,26.0,2700000,3,india,1,1.5,0.0,0.0,0.0,1.0,1,1,0,0,1.0,1.0,0
0,59.0,10500000,5,UK,2,2.4,2.0,2.0,0.0,5.0,1,0,0,1,1.0,0.6,1
1,52.0,165000000,18,Gibraltar,3,3.2,3.6,2.5,1.0,1.0,1,1,3,1,1.0,1.0,0
1,55.0,64000000,14,Lithuania,5,3.4,3.4,3.2,1.0,4.0,1,1,0,1,0.88,1.0,0
0,35.0,130000000,12,Seychelles,1,1.8,1.0,1.0,1.0,1.0,1,0,0,0,0.0,1.0,0
1,28.0,15000000000,8,USA,1,3.6,5.0,5.0,1.0,8.0,1,1,2,1,0.5,1.0,1
0,8.0,200000000,20,Denmark,2,2.4,3.0,3.0,1.0,3.0,1,0,0,0,0.0,0.8,0
1,28.0,31000000,14,Switzerland,1,4.2,4.7,4.3,1.0,1.0,1,1,3,1,0.79,0.93,1
1,31.0,73270000,14,UK,2,3.7,4.0,3.3,1.0,1.0,1,1,0,1,1.0,1.0,1
1,30.0,60000000,16,Australia,4,2.9,3.0,2.9,1.0,1.0,1,1,0,1,1.0,1.0,1
1,35.0,40000000,14,Estonia,2,3.7,3.6,2.5,1.0,1.0,1,1,2,1,0.89,1.0,1
1,46.0,40000000,24,Russia,2,4.3,4.5,4.7,1.0,6.0,1,1,2,0,0.25,1.0,1
0,21.0,200000000,6,Russia,3,2.0,1.6,1.4,1.0,1.0,1,0,0,0,0.0,1.0,0
1,14.0,7000000,10,Switzerland,1,3.4,3.5,2.8,1.0,1.0,1,1,2,1,1.0,1.0,0
0,42.0,0,7,Russia,1,2.4,0.0,0.0,1.0,1.0,1,0,0,0,0.43,0.86,0
0,55.0,141,18,Belarus,6,3.5,3.2,2.9,1.0,5.0,1,1,0,1,1.0,1.0,0
0,46.0,50000000,2,USA,3,2.1,0.0,0.0,1.0,8.0,1,1,1,0,0.5,1.0,1
0,31.0,1500000000,6,UK,6,1.9,0.0,0.0,1.0,1.0,1,0,0,0,0.0,1.0,0
0,28.0,0,3,Russia,1,1.8,0.0,0.0,0.0,1.0,1,0,0,0,0.0,1.0,0
1,7.0,904000000,19,Slovenia,5,3.6,3.7,2.9,1.0,1.0,1,1,0,0,1.0,1.0,0
0,14.0,0,7,Singapore,4,1.7,3.0,2.2,0.0,1.0,1,1,0,0,0.0,1.0,0
1,36.0,9325000,5,USA,1,2.9,0.0,0.0,1.0,1.0,1,1,0,1,0.43,1.0,0
1,34.0,80000000,5,Malta,2,3.0,4.1,3.4,1.0,1.0,1,1,0,1,1.0,1.0,0
1,68.0,160000000,17,USA,1,3.5,3.4,3.2,1.0,2.0,1,1,0,1,1.0,1.0,0
1,59.0,66666666,19,Estonia,2,3.8,4.0,4.2,1.0,1.0,1,1,0,1,0.37,1.0,1
1,31.0,200000000,9,Argentina,3,3.5,4.0,4.0,1.0,1.0,1,1,3,0,1.0,1.0,0
0,21.0,18000000,13,Ukraine,4,1.8,1.8,1.3,1.0,1.0,0,1,0,1,0.31,1.0,0
1,38.0,3000000000,37,Singapore,10,4.3,4.3,4.3,1.0,1.0,1,1,0,1,0.68,0.7,0
1,30.0,1000000000,16,Russia,2,3.8,5.0,5.0,1.0,3.0,1,1,0,1,0.88,1.0,1
1,7.0,325000000,13,USA,2,4.1,4.3,3.8,1.0,3.0,1,1,3,1,1.0,1.0,1
1,30.0,342000000,19,Singapore,7,3.7,3.8,3.4,1.0,1.0,1,1,0,1,0.95,1.0,0
1,150.0,350,2,Estonia,4,3.4,3.0,3.0,1.0,1.0,1,1,0,0,1.0,1.0,1
0,31.0,112000000,7,Kyrgyzstan,1,1.9,0.0,0.0,1.0,1.0,0,1,0,1,0.0,1.0,0
0,30.0,1950000,6,Singapore,1,2.3,1.6,2.3,1.0,1.0,1,0,0,1,0.83,1.0,0
0,20.0,3250000,21,Spain,1,3.3,3.0,1.0,1.0,1.0,1,0,0,1,0.9,1.0,0
0,30.0,1240000000000,4,Israel,3,2.9,0.0,0.0,1.0,1.0,1,1,0,1,1.0,1.0,0
0,8.0,0,2,UK,2,1.6,2.0,2.0,1.0,1.0,1,0,0,0,1.0,1.0,0
0,49.0,175,13,Czech Republic,6,2.3,0.0,0.0,0.0,1.0,1,1,0,1,0.0,0.62,0
0,60.0,0,18,Russia,1,2.5,0.0,0.0,1.0,1.0,1,0,0,1,0.0,1.0,0
1,30.0,10000000,7,Russia,2,2.8,3.0,3.0,1.0,1.0,1,1,0,1,0.71,1.0,0
1,90.0,1000000000,11,South Africa,2,3.4,3.5,3.5,1.0,1.0,1,1,0,0,1.0,1.0,1
0,32.0,5000000,8,USA,2,3.0,0.0,0.0,1.0,1.0,1,1,3,1,0.93,1.0,1
0,45.0,12000000,13,Australia,1,2.3,3.0,3.0,1.0,2.0,1,1,0,1,1.0,1.0,0
0,18.0,50000000,8,Liechtenstein,1,4.3,4.7,4.1,1.0,4.0,1,0,0,1,1.0,1.0,0
1,31.0,33000000,33,Switzerland,1,3.6,4.0,3.2,1.0,4.0,1,1,0,1,0.88,1.0,0
1,30.0,100000000,8,Malta,2,2.5,2.0,2.0,1.0,1.0,1,1,0,0,0.38,1.0,0
1,20.0,1200000,17,Slovenia,5,3.9,3.9,3.4,1.0,1.0,1,1,3,1,0.88,1.0,1
0,32.0,65000000,11,UK,2,3.2,4.4,3.8,1.0,1.0,1,1,0,1,0.0,1.0,0
1,0.0,200000000,17,UK,1,4.4,4.5,4.1,1.0,2.0,1,1,2,0,1.0,1.0,0
1,61.0,4750000000,23,Philippines,3,3.7,4.6,3.7,0.0,3.0,1,1,1,0,0.43,1.0,0
0,30.0,25,11,France,2,2.0,0.0,0.0,1.0,1.0,1,0,0,0,0.36,1.0,0
1,19.0,20000000,10,Singapore,3,3.4,4.1,3.2,1.0,1.0,1,1,0,1,1.0,1.0,0
1,18.0,21000000,4,Latvia,1,1.8,0.0,0.0,1.0,2.0,1,0,0,0,0.0,1.0,1
1,60.0,53760000,18,Seychelles,1,4.2,4.5,4.0,1.0,1.0,1,1,0,1,0.94,1.0,0
1,28.0,56000000,7,Switzerland,3,2.6,0.0,0.0,1.0,1.0,1,1,0,1,0.0,1.0,1
1,29.0,200000000,24,Singapore,2,2.9,0.0,0.0,1.0,1.0,1,1,3,0,0.97,1.0,1
0,31.0,0,4,Netherland,1,2.0,1.0,1.0,0.0,2.0,1,0,0,0,1.0,1.0,0
0,29.0,142000000,15,Russia,1,3.5,4.0,3.7,1.0,5.0,1,1,2,1,0.87,1.0,0
0,25.0,0,2,Netherland,6,2.0,2.0,2.0,1.0,2.0,1,0,0,0,1.0,0.0,0
1,51.0,12000000,16,Cyprus,4,3.0,0.0,0.0,1.0,1.0,1,1,0,0,0.0,1.0,0
0,71.0,49978560,12,Bulgaria,3,3.2,3.6,3.6,1.0,1.0,1,1,0,1,0.0,0.0,0
0,68.0,1400000000,4,Singapore,16,2.3,0.0,0.0,1.0,1.0,1,0,0,1,0.0,1.0,0
0,58.0,80000000,8,Croatia,1,2.4,0.0,0.0,1.0,1.0,1,1,0,0,0.88,1.0,0
0,61.0,9000000,4,USA,1,2.4,0.0,0.0,1.0,2.0,1,0,0,0,0.75,1.0,0
1,73.0,720000,4,Guinea-Bissau,4,2.3,0.0,0.0,1.0,1.0,1,0,3,0,1.0,1.0,1
0,117.0,49,7,UK,7,2.7,2.4,1.7,1.0,1.0,1,0,0,1,0.0,0.0,0
1,29.0,3141592653,9,Singapore,2,2.4,0.0,0.0,1.0,1.0,1,0,1,0,0.0,1.0,0
0,31.0,0,7,USA,2,1.8,0.0,0.0,1.0,1.0,0,1,0,0,1.0,1.0,0
0,43.0,0,17,Ireland,2,2.7,3.8,3.1,1.0,1.0,1,1,0,1,0.41,0.59,1
1,41.0,14000000,21,Russia,5,4.4,4.4,4.1,1.0,2.0,1,1,2,1,0.86,1.0,0
1,28.0,3141592653,9,Singapore,1,3.1,3.0,4.0,1.0,2.0,1,1,2,1,0.0,1.0,0
1,36.0,6300000000,14,UK,1,4.0,4.4,4.2,0.0,2.0,1,1,3,1,0.79,1.0,0
1,25.0,66000000,11,Switzerland,1,3.5,3.3,3.3,1.0,2.0,1,1,0,0,1.0,1.0,0
1,21.0,400000000,12,UK,3,3.6,4.3,3.2,1.0,2.0,1,1,3,1,1.0,1.0,0
1,28.0,350000000,17,Australia,1,3.4,3.0,3.0,1.0,1.0,1,1,3,0,0.12,1.0,0
1,29.0,140714286,9,Georgia,5,3.9,4.4,4.0,1.0,4.0,1,1,3,1,1.0,1.0,1
1,30.0,5500000000,6,Switzerland,1,2.8,0.0,0.0,1.0,2.0,1,0,0,0,1.0,1.0,0
0,30.0,1280000000,10,UAE,1,2.6,0.0,0.0,1.0,2.0,1,1,0,1,0.0,1.0,1
0,30.0,0,11,Gibraltar,1,2.5,3.0,2.3,1.0,2.0,1,0,0,1,0.0,1.0,0
1,77.0,10000000,9,Slovak Republic,4,2.1,0.0,0.0,1.0,1.0,1,1,0,0,0.56,1.0,0
0,15.0,0,16,India,3,2.3,0.0,0.0,1.0,1.0,1,1,0,1,0.0,0.0,0
1,7.0,52941177,10,Japan,2,2.1,0.0,0.0,1.0,1.0,1,0,0,0,0.0,1.0,0
0,67.0,318000000,10,New Caledonia,2,2.7,2.6,2.9,1.0,1.0,1,0,0,0,0.9,1.0,0
0,31.0,0,14,Japan,2,3.4,5.0,3.0,1.0,1.0,1,0,0,1,0.0,1.0,1
0,61.0,6000000,5,USA,4,1.7,1.5,1.8,1.0,1.0,1,0,0,0,1.0,1.0,1
1,79.0,250000000,12,Singapore,4,3.4,3.4,3.2,1.0,4.0,1,1,3,0,0.0,1.0,0
1,45.0,770,22,Cayman Island,4,4.5,4.8,4.4,1.0,1.0,1,1,0,0,0.94,1.0,1
0,30.0,80000000,15,France,3,3.3,4.0,4.6,1.0,1.0,1,1,0,1,1.0,1.0,0
1,77.0,1692000000,29,Gibraltar,1,3.5,4.2,2.7,1.0,1.0,1,1,0,1,0.21,1.0,0
1,28.0,275000000,38,Switzerland,2,3.6,4.4,2.9,1.0,1.0,1,1,3,0,0.95,0.97,0
1,3.0,46000000,13,Russia,4,3.8,4.0,4.1,1.0,2.0,1,1,2,0,0.85,0.92,1
0,57.0,42500000,3,Russia,3,2.0,2.0,1.0,1.0,1.0,1,0,0,0,0.0,1.0,0
1,49.0,1280000000,36,Singapore,1,4.5,4.6,4.5,1.0,2.0,1,1,2,1,0.83,1.0,1
0,44.0,30000000,7,Ukraine,1,2.4,3.0,2.7,1.0,2.0,1,1,0,0,0.0,1.0,1
1,85.0,3600000,7,Bulgaria,2,2.0,3.0,3.0,1.0,1.0,1,1,0,0,0.0,1.0,1
0,36.0,10000000,7,Poland,1,3.0,0.0,0.0,1.0,2.0,1,1,0,1,1.0,1.0,0
0,90.0,66000000,14,Russia,1,2.7,2.0,3.5,1.0,1.0,1,1,0,0,0.43,1.0,1
0,124.0,0,12,USA,2,2.6,4.0,5.0,1.0,2.0,1,1,0,0,0.5,1.0,1
0,39.0,0,12,USA,1,3.1,0.0,0.0,1.0,1.0,1,1,3,1,1.0,1.0,0
0,13.0,10000000,14,Germany,3,2.6,2.0,2.0,1.0,1.0,1,1,0,1,1.0,1.0,1
0,27.0,35,10,Singapore,2,2.2,1.0,1.0,1.0,3.0,1,0,0,1,0.0,1.0,0
1,149.0,1000000000,8,UK,2,2.0,1.0,1.0,1.0,1.0,1,0,0,1,0.75,1.0,0
1,49.0,100000000,18,Russia,1,3.9,4.4,4.4,0.0,4.0,1,1,2,1,0.06,1.0,0
0,59.0,72000000,7,Czech Republic,1,1.9,1.0,1.0,1.0,1.0,1,0,0,0,0.0,0.57,0
1,73.0,15700000,7,Russia,2,3.7,3.1,2.7,1.0,2.0,1,1,0,1,0.91,1.0,0
1,30.0,8800000,5,South Africa,2,2.4,2.0,3.0,1.0,1.0,1,1,0,1,0.6,1.0,0
0,51.0,7000000000,4,Thailand,3,2.0,0.0,0.0,1.0,1.0,1,0,1,0,0.0,1.0,0
0,30.0,67000000,20,Lithuania,2,3.2,4.0,3.5,1.0,1.0,1,1,0,1,0.95,1.0,0
1,30.0,15,19,Germany,1,4.6,5.0,4.6,1.0,1.0,1,1,0,1,0.56,0.89,0
0,28.0,50000000,13,UK,2,2.8,2.8,2.7,1.0,1.0,1,1,0,0,0.08,1.0,1
0,35.0,44000000,11,UK,5,1.9,0.0,0.0,0.0,1.0,1,1,0,0,0.64,0.45,1
1,53.0,100000000,16,Turkey,3,3.9,5.0,4.0,1.0,1.0,1,1,0,1,1.0,1.0,1
1,45.0,10000000,3,Dubai,1,2.0,0.0,0.0,1.0,2.0,1,0,0,0,0.0,1.0,0
0,12.0,0,7,Japan,2,2.1,0.0,0.0,1.0,1.0,1,0,0,0,0.43,1.0,0
0,30.0,21000000,8,Malta,1,2.9,2.0,2.0,1.0,3.0,1,1,0,0,1.0,1.0,1
0,31.0,0,3,USA,2,2.3,0.0,0.0,0.0,1.0,1,0,0,0,0.0,1.0,0
1,91.0,2500000000,10,UK,3,2.9,0.0,0.0,1.0,4.0,1,1,0,0,0.9,1.0,1
1,98.0,28200000,7,Spain,4,3.5,3.8,2.8,1.0,1.0,1,1,3,1,0.86,1.0,0
0,61.0,3500000,11,USA,1,3.2,3.7,3.3,1.0,4.0,1,1,0,0,0.91,1.0,1
0,71.0,15000000,6,Curacao,1,2.1,0.0,0.0,1.0,1.0,1,0,0,0,0.17,1.0,0
1,6.0,504000000,27,Singapore,3,4.1,3.9,3.6,1.0,3.0,1,1,3,1,1.0,1.0,1
1,31.0,92233720,16,USA,5,3.4,3.3,3.4,0.0,4.0,1,1,2,1,0.81,0.94,1
0,99.0,0,10,Singapore,3,1.3,2.0,2.0,0.0,2.0,1,0,0,0,0.0,0.0,0
0,28.0,400000000,2,Czech Republic,6,1.6,0.0,0.0,1.0,1.0,1,0,0,0,0.5,1.0,1
0,30.0,8000000,14,USA,1,2.3,2.0,1.0,1.0,1.0,1,1,0,0,0.0,1.0,0
1,36.0,150720000,11,Estonia,2,3.0,0.0,0.0,0.0,1.0,1,1,0,0,0.45,1.0,1
0,29.0,0,7,Russia,1,2.0,0.0,0.0,1.0,1.0,0,1,0,0,0.29,1.0,0
1,92.0,693000000,37,Russia,2,3.6,3.9,3.3,0.0,2.0,1,1,0,1,0.43,1.0,0
0,55.0,21750000,13,British Virgin Islands,4,3.1,2.0,2.0,1.0,1.0,1,1,0,1,0.0,1.0,0
0,54.0,0,8,South Africa,2,3.0,4.0,5.0,1.0,6.0,1,1,0,1,1.0,1.0,0
1,30.0,500000000,16,USA,3,2.3,3.2,2.0,1.0,1.0,1,1,0,1,0.06,1.0,0
0,106.0,29750000,11,Latvia,2,3.3,0.0,0.0,1.0,5.0,1,1,0,1,0.0,0.0,0
1,71.0,950000000,19,South Africa,2,3.6,4.0,3.9,1.0,2.0,1,1,0,1,0.68,1.0,0
1,29.0,80000000,6,Estonia,2,3.3,0.0,0.0,1.0,2.0,1,0,0,0,1.0,1.0,0
1,28.0,20000000000,23,UK,2,3.7,3.6,3.8,1.0,1.0,1,1,0,0,0.96,1.0,1
0,31.0,10000000,4,Singapore,3,3.0,1.7,3.3,1.0,5.0,1,1,0,0,1.0,1.0,1
0,62.0,0,9,USA,3,2.6,3.0,3.0,1.0,1.0,1,1,0,1,0.89,1.0,0
1,11.0,240,8,Singapore,2,2.9,0.0,0.0,1.0,1.0,1,0,1,1,0.0,1.0,0
1,41.0,3500000,32,Estonia,7,2.4,3.3,3.1,1.0,3.0,1,1,0,0,0.38,1.0,1
0,91.0,0,12,Estonia,2,3.6,0.0,0.0,1.0,1.0,1,1,0,1,0.0,1.0,0
1,30.0,400000000,18,Cayman Island,2,4.1,4.4,3.9,1.0,3.0,1,1,0,0,1.0,1.0,1
1,66.0,36000000,10,Ukraine,2,2.2,1.0,1.0,0.0,4.0,1,1,0,0,0.6,1.0,1
0,20.0,1900000,4,Peru,1,4.1,0.0,0.0,1.0,1.0,1,1,0,1,1.0,1.0,0
1,31.0,100000000,12,Mexico,2,3.0,3.5,2.7,1.0,1.0,1,1,0,0,1.0,1.0,1
0,30.0,200000000,8,France,2,2.6,2.7,2.7,1.0,1.0,1,1,0,1,1.0,1.0,0
1,30.0,230400000,10,Estonia,3,4.0,4.6,3.6,1.0,1.0,1,1,0,1,1.0,1.0,1
0,45.0,150000000,11,Czech Republic,3,2.6,0.0,0.0,1.0,2.0,1,0,0,1,0.73,1.0,0
0,30.0,270000000,9,Netherland,1,1.8,1.3,1.7,1.0,1.0,1,0,0,0,0.0,1.0,0
0,28.0,1000000,4,USA,1,2.4,0.0,0.0,0.0,1.0,1,0,0,0,1.0,1.0,0
1,89.0,10000000,5,UK,2,3.4,0.0,0.0,1.0,1.0,1,1,0,0,1.0,0.8,1
0,31.0,0,8,Brazil,1,1.9,0.0,0.0,0.0,1.0,1,0,0,1,0.0,1.0,0
1,7.0,100000000,6,Singapore,3,3.1,4.0,5.0,0.0,1.0,1,1,3,1,1.0,1.0,0
0,14.0,500000,4,Russia,1,1.9,3.0,2.0,1.0,2.0,1,0,0,0,0.0,1.0,0
1,31.0,20271000,21,Czech Republic,15,4.2,4.3,4.1,1.0,2.0,1,1,0,1,0.85,1.0,0
1,14.0,10000000,14,Russia,2,2.8,0.0,0.0,1.0,3.0,1,1,0,0,0.0,1.0,0
0,29.0,50000000000,11,Nigeria,10,3.9,0.0,0.0,1.0,1.0,1,1,2,0,1.0,1.0,1
0,22.0,0,4,USA,4,2.3,0.0,0.0,1.0,1.0,1,0,2,1,0.75,0.0,0
1,50.0,7000000000,3,UK,1,1.8,1.0,1.0,1.0,1.0,0,0,0,0,0.0,1.0,0
0,4.0,35000000,9,Thailand,4,2.4,4.0,3.0,1.0,1.0,1,1,0,0,1.0,1.0,0
0,61.0,1,17,New Zealand,7,2.8,0.0,0.0,1.0,2.0,1,0,0,1,0.59,1.0,0
1,13.0,24157817,13,Malta,6,4.2,4.7,4.1,1.0,1.0,1,1,0,0,1.0,1.0,1
1,31.0,750000000,17,Spain,4,4.5,4.7,4.4,1.0,3.0,1,1,0,1,0.0,0.0,0
0,44.0,550000000000,5,Canada,1,2.5,0.0,0.0,1.0,1.0,1,0,0,0,0.8,1.0,0
0,120.0,140000000,8,Cyprus,1,3.2,4.0,4.0,1.0,1.0,1,1,0,1,1.0,1.0,1
1,15.0,168000000,7,Singapore,2,3.5,2.9,3.2,1.0,2.0,1,1,1,0,1.0,1.0,0
1,32.0,101000000,4,Singapore,2,3.6,4.5,4.2,1.0,1.0,1,1,0,0,0.75,1.0,0
0,21.0,360000000,34,Luxembourg,4,2.6,3.0,3.0,0.0,1.0,1,0,0,0,0.88,1.0,1
1,28.0,27000000,5,France,5,2.4,0.0,0.0,1.0,1.0,1,1,0,0,1.0,1.0,1
0,87.0,0,15,Australia,1,1.8,0.0,0.0,1.0,1.0,1,1,0,0,0.0,1.0,0
0,31.0,10000000,7,Lithuania,2,1.6,0.0,0.0,1.0,1.0,0,0,0,0,0.71,1.0,0
0,33.0,210000000,12,USA,3,4.5,5.0,4.8,1.0,1.0,1,1,0,1,1.0,1.0,0
1,68.0,254000000,18,Singapore,8,3.4,0.0,0.0,1.0,3.0,1,1,0,0,0.83,1.0,0
0,26.0,3038234,7,Netherland,1,2.5,0.0,0.0,1.0,1.0,1,1,0,0,1.0,1.0,0
0,92.0,300000000,4,USA,1,1.8,0.0,0.0,0.0,1.0,1,1,0,0,0.0,1.0,0
0,30.0,298000000,6,Russia,1,1.6,0.0,0.0,1.0,1.0,0,0,0,0,0.0,1.0,0
1,93.0,500000000,14,UK,1,3.1,4.0,3.6,0.0,1.0,1,1,0,0,0.93,1.0,0
1,60.0,256250000,18,UK,3,3.6,3.2,3.6,1.0,1.0,1,1,3,1,0.5,0.94,0
0,28.0,12000000,2,Afghanistan,1,1.7,2.0,2.5,1.0,1.0,1,0,0,0,0.0,1.0,0
1,30.0,750000000,2,Indonesia,3,2.3,0.0,0.0,1.0,1.0,1,0,0,0,1.0,1.0,0
1,43.0,4,16,Netherland,2,3.3,0.0,0.0,1.0,2.0,1,0,0,0,0.94,0.88,0
1,25.0,9500000,16,Switzerland,1,3.5,4.4,3.7,1.0,2.0,1,1,0,1,1.0,1.0,0
1,28.0,336600000,21,Lithuania,2,4.0,4.1,3.5,1.0,1.0,1,1,0,1,0.67,1.0,0
0,31.0,90000000,18,Singapore,3,2.1,0.0,0.0,1.0,1.0,1,0,0,0,0.0,0.94,0
0,16.0,250000000,16,Singapore,1,3.6,5.0,3.0,1.0,1.0,1,1,3,0,1.0,1.0,0
1,76.0,350000000,12,Mexico,1,4.2,4.5,4.7,1.0,1.0,1,1,0,1,1.0,0.91,1
0,29.0,0,7,Romania,1,1.9,0.0,0.0,1.0,1.0,1,0,0,0,1.0,0.86,0
1,29.0,100000000,12,France,2,3.5,3.8,3.2,1.0,1.0,1,1,3,1,1.0,1.0,0
0,17.0,3000000,4,USA,2,1.4,0.0,0.0,0.0,1.0,1,1,0,0,0.0,0.0,0
1,31.0,200,5,USA,4,3.0,1.0,1.0,1.0,1.0,1,0,3,0,0.4,1.0,0
0,76.0,0,4,USA,2,1.3,0.0,0.0,1.0,1.0,1,0,0,0,1.0,1.0,0
0,27.0,1000000000,13,Switzerland,2,1.8,0.0,0.0,1.0,2.0,1,0,0,0,0.85,1.0,0
1,40.0,481500000,24,British Virgin Islands,1,2.8,2.9,2.6,1.0,4.0,1,1,0,1,0.83,1.0,1
0,30.0,80000000,5,UAE,1,2.5,0.0,0.0,1.0,1.0,1,0,0,1,1.0,1.0,0
1,31.0,600000000,4,USA,5,3.1,2.3,2.1,1.0,1.0,1,1,0,1,1.0,1.0,1
1,28.0,20,6,UK,2,3.1,0.0,0.0,0.0,4.0,1,1,3,1,0.33,1.0,0
0,60.0,1000000000,3,USA,4,2.6,0.0,0.0,1.0,3.0,1,1,0,0,1.0,1.0,0
0,5.0,9100000,5,Spain,3,2.8,0.0,0.0,0.0,1.0,1,0,0,0,1.0,1.0,0
0,20.0,109923077,8,Gibraltar,2,2.7,3.0,2.8,1.0,1.0,1,0,0,1,1.0,1.0,1
1,62.0,100000000000,25,USA,4,4.2,4.3,4.1,1.0,1.0,1,1,0,1,1.0,1.0,1
0,52.0,84000000,12,Russia,1,3.1,2.0,4.0,1.0,3.0,1,1,2,1,0.0,1.0,0
0,74.0,8000000,18,Russia,2,2.3,1.0,1.0,1.0,1.0,1,0,0,1,0.0,1.0,1
0,32.0,85000000,7,USA,4,1.6,0.0,0.0,1.0,1.0,0,0,0,0,0.0,1.0,0
1,46.0,4453135,27,Norway,1,4.1,4.5,4.6,1.0,1.0,1,1,0,1,1.0,1.0,0
1,30.0,7000000,6,Russia,4,2.7,2.0,3.0,1.0,2.0,1,0,0,0,1.0,1.0,0
1,30.0,50000000,16,Cyprus,6,4.3,4.4,4.2,1.0,5.0,1,1,2,0,0.38,0.94,1
1,28.0,10000000,16,Israel,2,3.0,3.4,2.6,1.0,1.0,1,1,3,1,0.88,1.0,1
0,14.0,72000000,6,Russia,2,2.7,2.5,3.1,1.0,1.0,1,1,0,0,0.0,1.0,0
1,30.0,63000000,8,USA,2,2.3,0.0,0.0,1.0,5.0,1,0,0,0,1.0,1.0,0
0,30.0,0,5,Israel,1,1.9,2.6,2.0,0.0,3.0,1,0,0,0,0.0,0.8,0
1,6.0,500000000,15,USA,2,2.5,0.0,0.0,1.0,1.0,1,1,3,1,0.0,1.0,1
0,45.0,1500000,9,Russia,5,1.7,1.7,1.0,1.0,1.0,1,1,0,0,0.0,1.0,1
0,91.0,0,4,USA,1,1.2,1.0,1.0,1.0,1.0,1,0,0,0,0.0,1.0,1
0,29.0,60000000,9,USA,2,2.4,2.9,3.5,1.0,1.0,1,1,0,0,1.0,1.0,0
1,127.0,500000000,17,Belize,3,3.1,3.0,2.0,1.0,2.0,1,1,3,0,0.65,1.0,0
0,13.0,7500000,4,Gibraltar,2,2.1,3.2,2.6,1.0,1.0,0,0,0,0,0.0,1.0,0
0,60.0,4000000,2,Nigeria,3,2.2,3.0,3.0,1.0,1.0,1,1,0,0,0.0,1.0,1
0,7.0,120000000,13,Slovenia,1,2.7,3.0,3.0,1.0,2.0,1,1,0,0,0.92,0.92,1
1,28.0,6000000000,34,Germany,4,3.6,4.1,3.0,1.0,4.0,1,1,2,1,0.88,1.0,1
0,31.0,38175000,6,Russia,2,2.3,2.0,2.0,1.0,1.0,1,1,0,0,1.0,1.0,0
1,11.0,650000000,21,Estonia,2,4.2,4.7,3.8,1.0,1.0,1,1,2,0,1.0,1.0,1
0,151.0,34020000,4,USA,1,2.0,0.0,0.0,0.0,2.0,1,1,0,0,0.0,1.0,1
1,36.0,500000000,16,South Korea,2,3.7,4.2,3.1,1.0,1.0,1,1,0,1,1.0,1.0,1
1,42.0,55000000,5,USA,7,1.6,1.0,1.0,1.0,1.0,1,0,0,0,0.8,0.0,0
1,133.0,500000000,10,USA,2,3.2,3.9,3.2,0.0,6.0,1,0,0,1,1.0,1.0,0
0,32.0,0,10,India,2,3.3,4.0,3.0,1.0,2.0,1,1,0,0,1.0,1.0,0
1,0.0,400230000,37,Japan,2,3.8,4.2,3.8,1.0,1.0,1,1,3,1,0.0,1.0,1
1,0.0,10000000,10,Germany,1,3.5,5.0,3.0,1.0,1.0,1,1,3,0,0.0,1.0,0
0,30.0,60000000,12,Russia,2,2.1,0.0,0.0,1.0,1.0,1,1,0,0,0.25,1.0,0
0,20.0,420000000,1,USA,6,3.3,0.0,0.0,1.0,1.0,1,1,0,1,1.0,1.0,0
0,77.0,7000000,1,USA,4,2.1,0.0,0.0,1.0,2.0,1,1,0,0,1.0,1.0,0
0,20.0,75000000,14,British Virgin Islands,3,2.5,3.0,2.0,1.0,9.0,1,1,0,0,0.36,1.0,0
0,28.0,200000000,15,UK,2,2.1,3.0,1.0,1.0,5.0,1,0,0,1,0.33,1.0,0
1,95.0,100,6,British Virgin Islands,4,2.4,0.0,0.0,1.0,2.0,1,1,0,0,0.0,1.0,0
1,189.0,10000000,3,Marshall Islands,3,3.0,3.0,3.0,1.0,2.0,1,0,3,1,0.0,1.0,1
0,44.0,2000000,1,Sweden,3,2.1,2.0,3.0,1.0,1.0,1,1,0,0,1.0,1.0,1
1,77.0,500000000,12,UK,2,3.2,4.0,4.0,1.0,4.0,1,1,0,0,1.0,1.0,0
0,8.0,0,11,Singapore,4,2.5,4.0,4.0,1.0,1.0,1,0,0,0,0.0,1.0,0
0,70.0,2000000000,6,UAE,3,1.9,0.0,0.0,1.0,1.0,1,0,0,1,0.0,1.0,0
0,84.0,31000000,2,Germany,2,2.2,2.0,2.0,1.0,1.0,1,0,0,0,1.0,1.0,1
0,14.0,150000000,12,UK,1,2.9,3.4,2.4,1.0,1.0,1,1,0,1,1.0,1.0,0
0,9.0,0,9,Switzerland,3,2.7,3.0,2.3,1.0,2.0,1,1,0,1,1.0,1.0,0
0,56.0,27500000,9,Lithuania,1,2.4,0.0,0.0,1.0,1.0,1,0,0,0,0.44,1.0,0
1,2.0,40000000,7,USA,7,3.1,3.1,2.5,1.0,1.0,1,0,0,1,1.0,0.71,0
1,17.0,105000000,5,Cayman Island,1,3.3,3.0,4.6,1.0,3.0,1,0,0,1,1.0,1.0,1
1,31.0,100000000,6,Russia,2,2.6,0.0,0.0,1.0,3.0,1,1,0,0,0.5,1.0,0
1,1.0,750000,6,Switzerland,1,2.3,0.0,0.0,0.0,1.0,1,0,2,0,1.0,1.0,0
0,10.0,0,4,UK,1,1.3,0.0,0.0,0.0,1.0,0,0,0,1,0.5,1.0,0
1,59.0,98000000,13,Seychelles,2,2.9,0.0,0.0,1.0,3.0,1,0,0,0,0.23,1.0,0
1,29.0,217500000,14,Singapore,2,3.9,4.0,3.9,1.0,2.0,1,1,0,1,1.0,1.0,0
0,54.0,20000000,5,Singapore,4,2.3,0.0,0.0,1.0,1.0,1,1,0,1,0.0,1.0,1
0,30.0,12000000,9,Estonia,6,3.1,3.0,4.0,1.0,1.0,1,1,0,0,1.0,1.0,1
0,120.0,12400786,11,UAE,1,2.5,2.0,1.0,0.0,1.0,1,0,3,1,0.64,1.0,0
1,46.0,150000000,27,Singapore,4,4.0,4.3,4.0,1.0,1.0,1,1,0,1,0.88,1.0,0
0,182.0,100000000,5,USA,2,1.8,2.0,1.8,1.0,1.0,1,0,0,0,0.0,1.0,1
0,40.0,1200000000,6,USA,4,2.4,0.0,0.0,1.0,2.0,1,1,1,1,0.67,0.0,0
1,60.0,22600000000000000,8,British Virgin Islands,3,2.8,0.0,0.0,1.0,1.0,1,1,0,1,0.0,1.0,1
0,30.0,0,10,Russia,1,2.1,2.6,2.0,1.0,1.0,1,1,0,1,0.0,1.0,0
1,31.0,220000000,12,Mauritius,2,3.6,4.5,2.6,1.0,2.0,1,1,3,1,0.42,0.92,0
1,30.0,1510000000,27,Gibraltar,6,3.8,4.2,3.7,1.0,1.0,1,1,2,1,0.93,0.89,0
1,42.0,1000000000,14,South Korea,4,3.1,3.0,3.2,0.0,3.0,1,1,3,1,0.86,1.0,0
0,30.0,74,5,UK,1,2.4,0.0,0.0,1.0,1.0,1,0,0,0,0.0,1.0,1
0,88.0,40,9,India,1,2.5,0.0,0.0,1.0,2.0,1,0,0,1,1.0,1.0,0
1,30.0,730000000,26,UK,3,4.4,4.6,4.5,1.0,2.0,1,1,0,1,0.96,1.0,0
0,61.0,27000000,12,India,1,3.4,3.4,3.5,1.0,2.0,1,1,0,1,1.0,1.0,0
0,49.0,35000000,4,Russia,2,1.6,1.0,2.0,0.0,3.0,1,0,0,0,0.0,1.0,0
1,63.0,18565200,2,USA,1,1.8,0.0,0.0,1.0,1.0,1,1,3,0,0.0,1.0,1
0,90.0,100000000,1,USA,1,1.5,1.0,1.0,0.0,1.0,1,0,0,1,1.0,0.0,0
0,28.0,1500000,8,Russia,4,2.1,4.0,3.0,1.0,1.0,1,0,0,0,0.25,1.0,1
0,30.0,75000000,8,USA,4,3.0,4.0,4.0,1.0,1.0,1,0,0,0,1.0,0.0,1
0,3.0,800000000,21,UK,4,2.1,0.0,0.0,0.0,3.0,1,0,0,0,0.81,1.0,0
0,17.0,240,10,Indonesia,5,2.3,0.0,0.0,0.0,1.0,1,0,0,0,1.0,1.0,1
0,6.0,6500000000,13,UK,3,3.7,3.8,3.2,1.0,2.0,1,1,0,1,0.77,1.0,0
0,31.0,9000000,4,Virgin Islands,1,1.8,1.0,3.5,1.0,2.0,0,1,0,0,0.0,0.0,0
0,30.0,108000000,14,Belgium,4,4.1,3.5,4.2,1.0,1.0,1,1,1,1,1.0,1.0,0
0,32.0,15000000,4,France,2,2.4,3.0,3.0,1.0,1.0,1,0,0,0,0.25,1.0,0
0,28.0,32000000,11,Australia,5,2.4,0.0,0.0,1.0,1.0,1,1,0,0,0.64,1.0,1
1,19.0,650000000,18,Estonia,7,3.1,2.9,2.5,0.0,1.0,1,1,0,0,1.0,1.0,1
0,21.0,160000000,3,Netherland,1,1.6,2.0,1.5,1.0,1.0,0,0,0,1,0.0,1.0,0
1,14.0,600000000,11,Australia,2,4.0,4.0,4.5,1.0,1.0,1,1,1,0,1.0,1.0,0
1,31.0,100000000,18,USA,1,3.6,5.0,4.0,1.0,1.0,1,1,3,0,0.0,1.0,1
1,49.0,60000000,12,UK,1,3.7,3.7,3.9,1.0,5.0,1,1,0,0,0.92,1.0,0
0,70.0,109609500,12,USA,1,1.8,1.0,1.0,1.0,2.0,1,0,0,0,0.67,1.0,0
0,22.0,45000000,7,Sweden,3,1.9,1.0,2.0,0.0,3.0,1,1,0,0,0.0,0.0,1
0,132.0,0,22,USA,2,2.5,3.0,4.0,0.0,4.0,1,1,2,0,1.0,1.0,0
1,70.0,500000000,4,Netherland,1,2.5,5.0,4.0,0.0,1.0,1,0,3,0,1.0,1.0,1
0,35.0,0,10,France,3,2.5,0.0,0.0,1.0,1.0,1,0,0,1,0.0,1.0,0
0,90.0,70000000,10,UK,2,2.0,0.0,0.0,1.0,2.0,1,0,0,0,0.0,1.0,1
0,42.0,600000000,7,Italy,1,2.6,2.0,2.5,1.0,1.0,1,0,0,0,0.86,1.0,0
1,30.0,250000000,18,USA,5,3.3,3.8,3.1,1.0,3.0,1,1,0,0,0.72,1.0,1
0,95.0,35000000,18,Panama,3,4.2,4.5,4.1,1.0,2.0,1,1,0,1,1.0,1.0,0
1,98.0,200000000,10,USA,1,3.1,5.0,5.0,1.0,2.0,1,1,3,0,0.7,1.0,1
1,31.0,54300000,14,Singapore,3,3.6,3.7,1.7,1.0,2.0,1,1,3,1,1.0,1.0,0
1,35.0,150000000,31,British Virgin Islands,2,3.9,4.1,4.1,1.0,2.0,1,1,0,0,0.88,1.0,1
0,88.0,0,9,Ukraine,2,3.2,3.0,3.0,1.0,1.0,1,1,0,1,1.0,1.0,1
1,45.0,40000000,8,Canada,1,2.7,2.0,1.0,0.0,1.0,1,1,0,0,0.88,1.0,0
1,30.0,20000000,16,China,2,4.1,5.0,5.0,0.0,1.0,1,1,3,1,0.0,1.0,0
0,22.0,0,10,Ecuador,6,2.3,3.5,2.0,1.0,2.0,1,0,0,1,1.0,1.0,0
1,98.0,45000000,21,British Virgin Islands,14,4.0,4.3,3.7,1.0,3.0,1,1,0,1,0.95,1.0,1
1,62.0,481302774,15,Russia,2,3.2,4.0,3.4,1.0,1.0,1,1,3,1,0.87,1.0,1
0,92.0,440000000,16,India,1,2.7,3.0,3.0,1.0,1.0,1,0,0,1,0.63,1.0,0
0,28.0,0,3,USA,2,2.3,0.0,0.0,0.0,2.0,1,1,0,0,1.0,1.0,0
1,58.0,474500000,38,Thailand,4,4.3,5.0,4.0,0.0,2.0,1,1,1,1,0.5,1.0,0
0,21.0,450000000,5,Romania,1,2.1,0.0,0.0,1.0,1.0,1,1,0,1,0.0,0.0,0
0,56.0,150000000,6,Italy,3,3.1,3.0,2.0,1.0,3.0,1,0,0,1,1.0,1.0,1
0,65.0,2100000,7,Switzerland,2,2.4,0.0,0.0,0.0,4.0,1,1,0,1,0.0,1.0,0
0,21.0,500000,6,USA,2,2.5,0.0,0.0,1.0,1.0,1,1,0,0,1.0,1.0,1
0,27.0,500000000,39,Russia,7,3.4,4.1,3.2,1.0,4.0,1,1,0,1,0.85,1.0,0
0,41.0,58000000,8,Ukraine,1,2.5,2.7,2.4,1.0,1.0,1,1,0,0,0.25,1.0,0
0,59.0,0,4,UK,3,1.5,2.0,1.0,1.0,3.0,1,0,0,0,0.0,0.75,0
0,31.0,600000000,3,Switzerland,1,2.9,0.0,0.0,1.0,2.0,1,1,0,1,1.0,1.0,0
0,29.0,1500000,5,Cyprus,2,2.1,0.0,0.0,0.0,5.0,1,1,0,0,0.0,1.0,0
0,44.0,22500000,12,Russia,1,2.8,4.0,3.0,1.0,4.0,1,0,0,0,0.0,1.0,0
0,12.0,200000000,6,UAE,2,3.0,0.0,0.0,1.0,2.0,1,0,1,0,1.0,1.0,1
0,29.0,65000000,6,Estonia,3,2.7,3.0,2.0,1.0,1.0,1,1,0,0,1.0,1.0,1
0,45.0,0,4,France,1,2.1,0.0,0.0,1.0,1.0,1,0,0,0,1.0,1.0,0
0,40.0,12000000,6,Cyprus,3,2.0,1.0,1.0,0.0,1.0,1,0,0,0,0.0,1.0,0
1,113.0,75000000000,17,Switzerland,3,3.7,3.3,2.7,1.0,2.0,1,1,2,1,0.71,1.0,0
1,31.0,400000000,12,Ukraine,2,3.2,2.6,2.9,1.0,1.0,1,1,0,1,0.0,0.0,0
0,30.0,150,4,Germany,4,1.9,0.0,0.0,1.0,1.0,1,0,0,1,0.25,1.0,0
0,25.0,500000000,18,Switzerland,1,3.9,3.7,3.7,1.0,1.0,1,1,0,1,0.94,1.0,0
0,13.0,30000000000,5,USA,3,2.7,2.4,2.0,1.0,1.0,1,1,0,1,1.0,1.0,1
1,30.0,100000000,20,Italy,2,3.3,0.0,0.0,0.0,1.0,1,0,1,1,0.15,0.95,1
1,46.0,65000000,26,Singapore,1,3.3,4.0,4.0,0.0,4.0,1,1,0,0,0.12,1.0,1
1,60.0,10000000000,10,USA,2,3.1,5.0,5.0,1.0,1.0,1,1,0,0,0.9,1.0,0
0,30.0,50000000,15,Switzerland,1,2.4,0.0,0.0,0.0,1.0,1,1,0,1,0.0,1.0,0
0,30.0,0,4,Indonesia,4,1.3,0.0,0.0,0.0,1.0,1,0,0,0,0.75,1.0,0
0,31.0,0,18,UK,2,2.3,0.0,0.0,1.0,1.0,1,0,0,0,0.0,1.0,0
1,0.0,820,15,Poland,3,3.0,0.0,0.0,1.0,1.0,1,1,3,0,0.86,1.0,1
1,14.0,492000000,15,Netherland,2,4.2,4.3,3.9,1.0,1.0,1,1,3,0,0.93,1.0,1
1,57.0,266400000,5,USA,1,4.1,3.8,3.9,0.0,3.0,1,1,0,1,1.0,1.0,0
0,39.0,0,3,Switzerland,2,1.8,1.6,2.1,1.0,1.0,0,1,0,1,0.0,1.0,0
1,31.0,37500000,10,Bulgaria,1,2.4,2.0,2.1,1.0,1.0,1,1,0,0,1.0,1.0,0
0,90.0,0,15,Germany,3,2.1,0.0,0.0,1.0,1.0,1,1,0,1,0.13,1.0,0
1,22.0,200000000,13,Singapore,2,3.7,4.2,3.0,1.0,1.0,1,1,3,1,0.85,1.0,1
0,60.0,0,13,USA,3,2.4,0.0,0.0,1.0,1.0,1,1,0,0,0.08,0.92,1
1,15.0,335000000,11,USA,1,2.5,3.0,4.0,1.0,1.0,1,0,0,0,1.0,1.0,1
0,140.0,15260000,9,Russia,2,2.5,2.0,2.0,1.0,1.0,1,0,0,1,0.0,1.0,0
1,90.0,800000,17,Tanzania,2,2.8,3.0,3.0,0.0,4.0,1,1,0,0,0.29,1.0,1
1,30.0,58500000,3,UK,1,3.0,0.0,0.0,1.0,1.0,1,0,0,1,1.0,1.0,1
0,57.0,8000000000,6,Estonia,4,2.6,0.0,0.0,1.0,1.0,1,1,0,0,1.0,1.0,1
0,90.0,0,22,Russia,3,3.4,4.0,3.6,1.0,1.0,1,1,0,1,0.62,1.0,1
0,26.0,65000000,5,Ukraine,1,1.9,0.0,0.0,0.0,1.0,1,0,0,1,0.0,0.8,0
0,0.0,216000000,3,Australia,1,2.6,3.9,3.9,1.0,1.0,1,0,0,0,0.0,1.0,1
1,30.0,200000000,14,Russia,2,2.6,3.0,2.3,1.0,1.0,1,1,0,0,0.57,1.0,0
1,14.0,29400000,7,UK,2,3.4,0.0,0.0,0.0,2.0,1,1,0,1,0.43,0.86,0
1,5.0,51000000,18,Singapore,2,3.7,4.3,4.3,1.0,2.0,1,1,3,1,0.0,1.0,0
1,28.0,52500000,16,USA,1,4.3,4.5,4.1,1.0,1.0,1,1,3,1,0.88,0.88,0
1,30.0,100,17,Russia,3,2.9,2.5,2.2,0.0,9.0,1,1,0,0,0.94,1.0,0
0,22.0,170000000,18,Switzerland,1,4.1,4.8,3.7,1.0,1.0,1,1,3,1,0.89,1.0,1
0,31.0,100000000,5,Singapore,3,2.9,2.5,2.0,1.0,1.0,1,1,0,1,1.0,1.0,0
1,31.0,156118,7,Bulgaria,2,2.4,0.0,0.0,1.0,7.0,1,0,0,0,0.57,1.0,1
0,5.0,0,4,Canada,1,2.4,0.0,0.0,0.0,3.0,1,1,0,0,0.0,1.0,0
1,66.0,20000000,16,Russia,3,3.1,3.7,3.1,1.0,1.0,1,1,0,1,0.81,1.0,0
1,28.0,695800000,10,British Virgin Islands,3,3.1,3.4,3.1,1.0,1.0,1,1,0,0,1.0,0.22,1
0,76.0,400000000,5,India,2,2.3,0.0,0.0,1.0,1.0,1,0,0,0,1.0,1.0,0
0,31.0,0,3,South Korea,1,1.6,2.0,2.0,1.0,1.0,1,0,0,0,0.0,0.0,1
1,7.0,60000000,26,Australia,2,3.5,3.7,3.2,1.0,2.0,1,1,0,1,1.0,1.0,1
1,73.0,600000000,32,USA,9,4.1,4.2,3.9,0.0,4.0,1,1,0,1,1.0,0.97,1
0,61.0,400000000,3,Poland,1,1.6,1.5,1.5,1.0,1.0,1,0,0,0,0.0,1.0,0
1,10.0,300000000,10,South Africa,2,3.2,5.0,4.0,1.0,1.0,1,1,0,1,0.3,1.0,1
1,49.0,356264000,16,UK,2,3.6,3.2,4.0,1.0,3.0,1,1,0,1,0.81,0.94,0
1,30.0,500000000,12,Gibraltar,5,3.6,4.3,3.9,1.0,3.0,1,1,2,0,0.75,1.0,1
1,31.0,30000000,10,Singapore,1,2.9,3.4,2.6,1.0,4.0,1,1,0,1,1.0,1.0,0
1,56.0,43200000,17,USA,3,3.3,3.3,2.9,1.0,1.0,1,1,2,1,1.0,1.0,1
0,58.0,0,10,Thailand,2,2.8,0.0,0.0,1.0,2.0,1,1,0,0,0.0,1.0,1
0,56.0,4000000000,14,Singapore,1,2.4,0.0,0.0,1.0,2.0,1,0,0,1,0.0,1.0,0
1,39.0,476228844,6,Cayman Island,5,4.0,0.0,0.0,1.0,1.0,1,1,2,0,1.0,1.0,0
0,60.0,40000000000,6,Singapore,4,2.4,2.4,2.7,1.0,2.0,1,0,0,0,0.83,1.0,0
1,18.0,66000000,13,British Virgin Islands,4,2.9,2.8,2.6,1.0,1.0,1,1,3,1,0.85,0.92,0
0,61.0,0,13,Singapore,1,2.6,0.0,0.0,1.0,1.0,1,0,2,0,1.0,1.0,0
1,15.0,500000000,12,Singapore,3,3.6,4.0,3.6,1.0,1.0,1,1,3,1,1.0,1.0,0
1,25.0,50000000,11,USA,4,2.9,3.3,2.5,1.0,1.0,1,1,0,1,0.36,1.0,0
0,30.0,50000000,25,UK,3,2.5,0.0,0.0,1.0,1.0,1,0,0,0,0.0,1.0,0
1,30.0,400000000,6,Seychelles,1,3.3,0.0,0.0,1.0,1.0,1,1,2,1,0.0,1.0,1
0,105.0,1000000000,10,UAE,3,3.6,3.8,3.6,1.0,1.0,1,1,0,0,1.0,0.9,1
1,59.0,30000000,15,USA,1,3.3,4.0,3.4,0.0,1.0,1,1,0,0,0.0,1.0,0
1,29.0,30000000,9,Australia,2,3.9,3.0,4.0,1.0,1.0,1,1,1,1,1.0,1.0,0
0,61.0,50000000,8,Switzerland,2,2.1,0.0,0.0,1.0,1.0,1,0,0,0,0.88,1.0,1
0,60.0,35000000,7,UK,1,2.3,0.0,0.0,1.0,4.0,1,0,0,1,0.86,1.0,0
0,30.0,200000000,7,Russia,4,3.2,2.4,2.4,1.0,1.0,1,1,2,1,0.0,1.0,0
1,29.0,7600000,19,Estonia,10,3.3,3.7,2.8,1.0,1.0,1,1,0,1,1.0,1.0,0
1,137.0,78000000,5,USA,1,3.1,3.7,3.0,1.0,1.0,1,1,0,1,1.0,1.0,1
0,59.0,2800000,9,Ukraine,4,4.2,4.6,4.2,1.0,3.0,1,1,0,1,0.89,1.0,0
1,28.0,2000000000,6,Canada,3,3.0,3.0,4.0,1.0,1.0,1,0,0,0,0.0,1.0,0
0,45.0,365000000,14,Switzerland,7,1.7,1.7,1.5,1.0,4.0,1,0,0,0,0.29,1.0,0
0,13.0,410000000,8,USA,1,2.9,2.0,3.7,1.0,2.0,1,1,3,0,0.38,1.0,0
1,6.0,204780000,15,Colombia,2,3.7,4.0,3.7,1.0,3.0,1,1,0,1,1.0,1.0,1
1,45.0,71250000,9,Estonia,6,3.6,3.5,3.4,1.0,1.0,1,1,2,1,1.0,1.0,1
1,31.0,30000000,8,UK,3,3.1,0.0,0.0,1.0,1.0,1,0,3,0,1.0,1.0,1
1,31.0,14700000,23,Costa Rica,1,3.3,4.0,3.4,1.0,1.0,1,1,3,1,0.7,1.0,1
1,30.0,100000000,8,Switzerland,1,1.8,1.0,1.0,0.0,1.0,0,0,3,0,0.0,1.0,0
1,27.0,50000000,8,British Virgin Islands,1,3.6,2.7,2.7,1.0,6.0,1,1,2,1,1.0,1.0,1
0,58.0,200000000,14,USA,1,2.8,4.0,4.0,1.0,1.0,1,0,0,1,0.86,1.0,0
0,60.0,720000,7,Isle of Man,1,2.5,0.0,0.0,0.0,5.0,1,1,0,0,1.0,1.0,0
1,41.0,80000000,9,Israel,1,3.1,0.0,0.0,1.0,1.0,1,0,0,0,0.22,1.0,1
0,28.0,10000000,7,USA,6,2.5,0.0,0.0,0.0,1.0,1,0,0,1,0.86,1.0,1
0,26.0,8000000,16,USA,3,4.0,3.8,3.7,1.0,1.0,1,1,3,1,0.94,1.0,0
0,186.0,2310000,18,Serbia,1,2.7,5.0,3.0,1.0,1.0,1,1,0,1,0.0,1.0,0
0,64.0,10000000,17,UAE,3,2.3,0.0,0.0,0.0,1.0,1,1,0,1,0.0,1.0,1
1,18.0,500000000,18,USA,2,4.5,4.8,4.4,1.0,2.0,1,1,2,0,0.94,1.0,0
0,27.0,141000000,9,Belgium,1,2.4,3.0,2.0,1.0,1.0,1,1,0,0,0.0,1.0,0
0,32.0,75000000,21,Belarus,3,2.6,0.0,0.0,1.0,2.0,1,1,0,0,0.0,1.0,0
0,32.0,12500000,6,UK,4,1.4,0.0,0.0,1.0,1.0,1,0,0,0,0.0,0.0,0
0,58.0,0,4,South Africa,1,1.2,1.2,1.0,1.0,3.0,1,0,0,0,0.0,0.0,0
1,55.0,103548812,12,Russia,1,4.0,4.3,3.9,1.0,1.0,1,1,0,1,0.33,1.0,0
1,14.0,700000000,12,Russia,1,3.4,0.0,0.0,0.0,7.0,1,1,3,1,0.17,1.0,0
0,45.0,0,7,Singapore,1,1.4,0.0,0.0,1.0,1.0,1,0,0,1,0.0,1.0,0
1,9.0,550000000,13,USA,2,3.5,0.0,0.0,1.0,1.0,1,1,0,0,1.0,1.0,1
1,44.0,25000000,4,Mexico,2,1.3,1.0,1.0,0.0,1.0,0,0,0,0,0.0,1.0,0
1,120.0,10120000,20,UK,5,4.1,4.3,3.9,1.0,4.0,1,1,2,1,0.75,1.0,1
1,30.0,1872221,20,Estonia,3,3.1,3.6,2.9,1.0,2.0,1,1,0,1,1.0,1.0,0
1,27.0,500000000,23,USA,3,4.6,4.7,4.6,1.0,3.0,1,1,0,1,0.74,0.96,1
1,30.0,300000000,18,Singapore,1,4.5,4.9,4.7,1.0,3.0,0,1,0,0,1.0,1.0,0
1,27.0,133333328,15,Singapore,1,3.5,4.7,4.8,1.0,1.0,1,1,2,1,0.4,1.0,0
1,31.0,64200000,17,Poland,2,3.7,3.9,3.4,1.0,1.0,1,1,2,0,0.82,1.0,0
0,29.0,500000000,4,China,1,2.3,0.0,0.0,1.0,1.0,1,0,0,1,0.0,1.0,0
1,16.0,100000000,37,Switzerland,2,3.3,3.6,2.9,1.0,5.0,1,1,0,0,0.97,1.0,0
1,44.0,350000000,11,Georgia,2,2.5,3.0,3.0,1.0,1.0,1,0,0,0,1.0,1.0,1
0,20.0,0,13,Australia,1,2.3,0.0,0.0,1.0,3.0,1,0,0,0,0.62,1.0,0
1,43.0,408000000,12,South Africa,3,4.6,4.6,4.5,1.0,8.0,1,1,1,1,1.0,1.0,1
0,0.0,0,12,Indonesia,2,3.6,3.2,4.0,1.0,1.0,1,1,3,0,0.33,1.0,0
1,32.0,15,4,UK,7,2.4,1.0,2.0,1.0,1.0,1,1,0,0,0.75,1.0,0
0,59.0,15000000,12,Ireland,6,3.5,0.0,0.0,1.0,4.0,1,1,2,0,0.0,0.0,0
1,41.0,76000000,4,Netherland,2,3.9,4.8,3.9,1.0,1.0,1,1,3,1,1.0,1.0,1
1,60.0,30000000,14,Switzerland,6,3.4,3.2,2.9,1.0,7.0,1,1,0,0,1.0,1.0,0
1,31.0,200000000,18,USA,2,2.4,3.6,2.7,0.0,1.0,1,1,0,0,0.89,1.0,0
0,77.0,825000000,14,UK,1,2.5,0.0,0.0,1.0,1.0,1,1,0,0,0.0,1.0,0
1,0.0,46800000,16,Russia,2,2.8,0.0,0.0,1.0,1.0,1,0,3,1,0.87,1.0,1
0,67.0,0,11,UK,2,1.6,2.0,2.0,1.0,1.0,0,1,0,0,0.0,0.82,0
1,49.0,75000000,10,Czech Republic,6,3.6,3.7,3.2,1.0,1.0,1,1,3,0,1.0,1.0,1
0,30.0,700000000,11,Germany,2,2.6,0.0,0.0,1.0,3.0,1,1,0,0,0.18,0.91,0
0,30.0,12,46,Panama,1,2.5,2.5,2.5,0.0,6.0,1,1,0,1,0.73,0.96,0
1,2.0,500000000,18,Singapore,2,4.1,4.8,4.3,1.0,1.0,1,1,0,0,0.5,1.0,0
0,120.0,36000000,8,Hungary,5,3.6,3.6,3.9,1.0,3.0,1,1,1,1,1.0,1.0,0
1,28.0,60000000,15,Malta,5,3.5,3.8,3.2,1.0,1.0,1,1,0,1,0.93,1.0,0
1,48.0,20000000,23,Thailand,4,2.7,3.0,3.5,0.0,5.0,1,1,0,0,0.0,0.48,1
0,97.0,1,4,Spain,3,2.3,2.0,2.0,1.0,3.0,1,1,0,0,0.0,1.0,0
1,28.0,55000000,8,China,2,2.8,0.0,0.0,1.0,1.0,1,0,3,1,0.75,1.0,1
1,9.0,500000000,19,British Virgin Islands,4,4.4,4.5,4.2,1.0,1.0,1,1,2,1,0.84,1.0,0
1,31.0,200000000,13,USA,2,2.9,4.2,3.9,0.0,4.0,1,1,0,0,0.0,0.92,0
1,30.0,40000000,9,Gibraltar,1,3.9,4.5,4.5,1.0,1.0,1,1,3,1,0.89,1.0,1
1,44.0,10000000,8,UK,3,1.8,1.0,1.0,1.0,2.0,1,1,0,0,0.0,1.0,0
1,35.0,100000000,26,Slovenia,1,3.6,4.3,4.9,1.0,4.0,0,0,0,0,0.88,1.0,0
0,89.0,2000000,5,Russia,2,2.2,2.1,2.3,1.0,6.0,1,1,0,0,0.4,1.0,0
1,30.0,450,10,UK,1,4.2,4.7,4.4,1.0,3.0,1,1,1,0,1.0,1.0,1
0,14.0,0,6,Poland,2,2.3,2.5,2.1,0.0,1.0,1,0,0,0,0.5,1.0,0
1,5.0,1000000000,25,Estonia,1,4.1,4.2,4.3,1.0,1.0,1,1,0,1,0.92,1.0,0
1,30.0,100500000,13,Germany,4,4.1,4.3,3.8,1.0,2.0,1,1,2,0,0.79,1.0,0
0,29.0,100000000,12,Russia,2,2.8,3.0,2.5,1.0,1.0,1,1,0,0,1.0,1.0,1
1,91.0,287000000,21,Ras al-Khaimah,2,3.6,4.0,3.2,1.0,4.0,1,1,0,0,0.8,1.0,1
1,79.0,150000000,21,Cayman Island,4,3.5,4.2,3.2,1.0,2.0,1,1,0,1,0.9,1.0,0
1,31.0,30000000,3,France,3,3.7,4.0,3.4,1.0,1.0,1,1,0,1,1.0,1.0,1
1,20.0,1500000,6,UK,3,3.1,4.1,1.7,1.0,3.0,1,0,0,0,1.0,1.0,0
0,7.0,1000000000,6,Singapore,1,2.0,1.0,3.0,1.0,1.0,1,1,0,1,0.0,1.0,0
0,114.0,800000000,6,Seychelles,4,3.6,3.7,3.3,1.0,3.0,1,1,0,1,1.0,1.0,0
1,29.0,1000000000,18,USA,2,3.2,4.2,4.6,1.0,1.0,0,1,3,1,0.94,1.0,0
0,14.0,0,6,Israel,1,2.1,2.9,2.2,1.0,1.0,1,0,0,0,1.0,1.0,0
1,61.0,29750000,14,Russia,1,3.3,3.3,3.2,1.0,3.0,1,1,0,1,0.79,1.0,1
1,50.0,3500000,11,Spain,2,3.4,3.7,3.7,0.0,4.0,1,1,3,1,1.0,1.0,0
0,30.0,70000000000,14,Germany,3,1.8,0.0,0.0,1.0,1.0,1,1,0,0,0.0,1.0,1
1,41.0,15000000,6,Russia,2,2.8,0.0,0.0,0.0,1.0,1,0,2,0,0.0,1.0,0
1,2.0,29600000,20,Gibraltar,1,2.9,0.0,0.0,1.0,1.0,1,1,3,0,0.7,1.0,0
0,30.0,0,7,UK,2,2.1,1.0,1.0,1.0,3.0,1,0,0,0,1.0,1.0,0
0,43.0,500000,3,USA,6,2.5,2.0,2.0,1.0,8.0,1,0,0,1,1.0,1.0,0
0,29.0,0,7,Estonia,5,2.5,0.0,0.0,1.0,4.0,1,1,0,0,0.71,1.0,0
0,77.0,0,6,Indonesia,2,2.2,2.5,2.5,1.0,1.0,1,0,0,0,0.0,1.0,0
0,28.0,175000000,14,Estonia,1,3.0,3.6,2.7,1.0,1.0,1,1,0,1,1.0,1.0,0
1,63.0,99000000,23,Israel,1,4.1,4.1,4.2,1.0,3.0,1,1,0,1,1.0,1.0,1
1,19.0,2200000000,24,Singapore,4,3.7,3.6,3.5,1.0,1.0,1,1,2,0,0.58,1.0,1
0,92.0,350000000,13,Switzerland,2,2.7,3.0,2.3,0.0,4.0,1,1,0,0,0.83,0.83,0
1,108.0,50000000,12,UK,2,3.1,3.5,2.6,1.0,1.0,1,1,0,1,1.0,1.0,1
1,50.0,210000000,22,UK,5,3.6,3.5,3.3,1.0,3.0,1,1,0,1,0.77,1.0,1
1,63.0,350000000,16,Singapore,4,3.6,4.0,3.0,1.0,4.0,1,1,3,1,0.88,1.0,0
0,29.0,0,9,Cambodia,4,2.3,3.9,2.9,0.0,2.0,0,0,0,1,0.78,0.78,0
0,93.0,20000000,16,Singapore,6,4.2,4.7,4.3,1.0,4.0,1,1,0,0,1.0,1.0,1
0,42.0,80000000,10,Estonia,3,2.8,0.0,0.0,1.0,4.0,1,1,0,0,0.6,1.0,0
1,48.0,100000000,12,Russia,1,3.4,3.5,3.3,1.0,3.0,1,1,0,1,0.75,1.0,0
0,39.0,70000000,6,Switzerland,3,3.2,3.6,3.5,1.0,1.0,1,1,0,1,1.0,1.0,0
1,0.0,200000000,16,Lithuania,2,3.7,3.4,2.9,1.0,1.0,1,0,3,1,0.94,1.0,0
0,30.0,50000000,10,USA,2,3.3,0.0,0.0,1.0,1.0,1,1,3,1,0.63,0.88,0
0,44.0,151151515,6,Peru,2,2.1,0.0,0.0,1.0,4.0,1,0,0,0,0.0,1.0,0
1,59.0,65000000,3,UAE,1,2.1,1.0,1.0,1.0,1.0,1,1,0,0,1.0,0.0,1
0,61.0,68000000,9,USA,2,2.0,0.0,0.0,1.0,1.0,0,0,0,0,0.0,1.0,0
0,39.0,99000000,4,Belize,2,3.3,3.0,2.4,0.0,2.0,1,1,0,1,1.0,1.0,0
0,14.0,2000000000,32,UK,2,3.3,0.0,0.0,1.0,1.0,1,1,0,1,0.03,0.94,0
1,30.0,100000000,12,Russia,1,3.5,3.0,1.0,1.0,1.0,1,1,3,0,1.0,1.0,1
1,90.0,40000000,15,Germany,2,3.2,2.6,2.5,1.0,1.0,1,0,0,1,1.0,1.0,0
0,40.0,88000000,27,Georgia,2,3.9,4.2,3.7,1.0,3.0,1,1,0,1,0.93,1.0,1
1,17.0,9800000,3,USA,2,2.0,0.0,0.0,0.0,1.0,1,0,0,0,0.0,1.0,0
1,26.0,70000000,21,China,2,3.2,4.0,4.0,1.0,1.0,1,1,3,0,0.29,1.0,1
0,50.0,40000000,5,Russia,2,2.3,0.0,0.0,1.0,1.0,1,1,0,1,0.0,1.0,0
0,16.0,425000000,3,USA,2,2.1,0.0,0.0,1.0,2.0,1,0,0,0,1.0,1.0,0
0,14.0,70000000,14,Switzerland,2,2.4,0.0,0.0,1.0,2.0,1,0,0,0,0.0,1.0,0
0,59.0,0,5,Slovenia,1,2.6,0.0,0.0,1.0,2.0,1,1,3,0,0.0,1.0,0
0,52.0,0,11,Romania,1,3.8,3.7,3.9,1.0,1.0,1,1,0,1,1.0,1.0,1
1,36.0,647500000,10,Cayman Island,8,3.8,2.0,3.0,1.0,2.0,1,1,3,1,0.8,1.0,1
0,14.0,5500000000,24,Singapore,1,3.2,3.0,3.0,0.0,3.0,1,1,1,0,0.96,1.0,1
1,21.0,4,9,Cayman Island,1,3.8,4.3,3.5,1.0,1.0,1,1,2,1,1.0,1.0,0
1,31.0,1500000000,13,Ukraine,2,3.8,4.0,3.3,1.0,1.0,1,1,0,0,0.62,1.0,1
1,59.0,225000000,14,UK,3,2.4,5.0,5.0,1.0,1.0,1,1,0,0,1.0,0.89,0
0,3.0,14000000,4,UK,2,1.7,1.0,1.0,0.0,1.0,1,0,0,0,0.0,0.0,0
0,12.0,45000000,15,South Korea,4,3.7,3.9,3.3,1.0,2.0,1,0,0,1,0.81,1.0,0
1,28.0,500000000,19,British Virgin Islands,2,3.1,4.0,3.0,1.0,3.0,1,1,3,0,0.88,1.0,1
1,31.0,21760000,10,Russia,1,2.4,0.0,0.0,0.0,9.0,1,0,0,0,0.0,1.0,0
0,28.0,50000000,7,Netherland,3,2.6,0.0,0.0,1.0,1.0,1,1,0,1,0.86,1.0,1
0,7.0,200000000,11,Australia,6,3.5,3.9,3.3,1.0,1.0,1,1,0,1,1.0,1.0,1
1,55.0,25000000,6,USA,5,2.4,0.0,0.0,1.0,2.0,1,0,0,0,1.0,1.0,1
0,193.0,0,7,Russia,2,2.7,2.5,2.0,1.0,2.0,1,1,3,1,0.14,1.0,0
0,21.0,0,16,USA,2,2.3,3.6,2.0,1.0,1.0,1,1,0,0,0.0,1.0,0
0,68.0,5000000,3,Japan,1,2.4,0.0,0.0,1.0,2.0,1,1,0,1,0.0,1.0,1
0,30.0,4000000,3,India,1,1.8,0.0,0.0,1.0,1.0,1,0,0,0,0.33,1.0,0
1,30.0,70000000,18,Russia,2,2.6,0.0,0.0,1.0,1.0,1,1,0,0,0.22,1.0,1
1,8.0,400000000,23,Romania,2,3.7,3.8,3.1,1.0,5.0,1,1,2,1,0.96,1.0,1
0,90.0,140000000,5,USA,1,2.7,1.7,2.3,1.0,1.0,1,1,0,1,1.0,0.8,0
0,30.0,2000000,5,Greece,7,2.1,0.0,0.0,1.0,1.0,1,0,0,0,1.0,1.0,0
0,33.0,21000000,11,UK,6,3.9,4.3,4.3,1.0,4.0,1,1,3,1,1.0,1.0,0
0,28.0,70000000,6,Switzerland,4,2.3,0.0,0.0,1.0,1.0,1,0,0,0,0.0,1.0,1
0,56.0,22222222,18,UK,2,4.1,4.0,3.3,1.0,1.0,1,1,0,1,0.72,1.0,1
1,27.0,50000000,22,Gibraltar,2,3.7,3.9,3.3,1.0,4.0,1,1,0,1,1.0,0.96,0
1,1.0,1000,3,Netherland,2,3.0,0.0,0.0,0.0,1.0,1,1,2,0,0.67,1.0,0
0,31.0,2100000000,19,Belarus,4,2.9,3.6,2.6,1.0,1.0,1,1,0,0,0.58,1.0,0
0,60.0,0,1,Virgin Islands,2,2.6,0.0,0.0,1.0,1.0,1,1,0,1,1.0,1.0,0
1,14.0,36009615,16,Switzerland,1,4.1,4.4,3.8,0.0,2.0,1,1,3,1,1.0,1.0,1
1,27.0,151250000,13,Canada,1,3.8,3.9,3.2,1.0,6.0,1,1,3,1,1.0,1.0,0
0,73.0,0,19,Russia,5,3.6,4.8,4.3,1.0,1.0,1,1,0,1,0.5,0.94,1
1,26.0,106000000,15,Malta,5,3.5,3.9,3.3,1.0,4.0,1,1,2,1,1.0,1.0,1
1,21.0,45000000,5,Spain,1,2.6,0.0,0.0,1.0,1.0,1,0,0,1,0.0,1.0,1
1,20.0,8200000000,14,Poland,3,4.0,4.1,3.7,1.0,2.0,1,0,0,1,0.0,0.0,0
0,44.0,350000000,8,UK,3,1.9,1.0,1.0,1.0,1.0,1,1,0,1,0.0,1.0,0
0,41.0,111,12,USA,1,2.4,2.0,2.0,1.0,3.0,1,1,0,0,0.75,1.0,0
1,28.0,362,18,Malta,2,4.1,4.0,3.8,1.0,2.0,1,1,3,1,1.0,1.0,0
0,120.0,100000000,6,Indonesia,1,1.9,0.0,0.0,0.0,10.0,1,0,0,0,0.0,1.0,0
1,9.0,200000000,22,Singapore,2,4.6,4.3,4.2,1.0,1.0,1,1,2,1,1.0,1.0,1
1,60.0,450000000,17,Brazil,2,3.0,2.9,2.5,0.0,3.0,1,1,2,1,1.0,1.0,0
1,91.0,1500000000,15,Belize,4,4.8,4.8,4.7,1.0,5.0,1,1,3,1,1.0,1.0,1
0,31.0,100000000,6,Russia,1,2.3,0.0,0.0,0.0,1.0,1,1,0,0,0.5,1.0,0
1,65.0,8000000,14,Russia,3,3.3,3.5,3.1,1.0,3.0,1,1,0,1,1.0,1.0,1
1,14.0,550000000,16,Canada,3,3.3,4.0,4.0,1.0,1.0,1,1,2,0,0.81,1.0,1
1,48.0,12500000,11,Singapore,2,3.1,3.0,2.0,1.0,1.0,1,1,3,0,0.0,1.0,0
1,27.0,1040000000,23,Malta,1,3.0,0.0,0.0,1.0,1.0,1,0,0,0,0.96,1.0,1
0,14.0,25000000,8,Russia,1,2.8,0.0,0.0,1.0,3.0,1,0,0,0,0.38,1.0,0
1,25.0,26400000,6,USA,3,3.4,4.2,3.4,1.0,1.0,1,0,1,0,0.33,1.0,0
0,28.0,0,5,Russia,3,3.3,0.0,0.0,1.0,1.0,1,1,2,1,0.2,1.0,0
0,137.0,36000000,2,USA,1,2.1,2.0,2.0,0.0,2.0,1,1,0,0,1.0,1.0,0
0,29.0,250500000,11,USA,2,2.4,0.0,0.0,1.0,1.0,1,0,0,0,1.0,1.0,0
1,59.0,9250000,18,Latvia,1,4.4,4.7,4.2,1.0,2.0,1,1,0,1,0.88,1.0,1
0,51.0,0,24,USA,2,3.3,3.0,2.0,0.0,1.0,1,1,3,0,0.71,1.0,0
1,43.0,15000000,15,Russia,1,3.6,3.8,3.6,1.0,1.0,1,1,0,1,0.53,1.0,0
0,30.0,7000000,3,Belize,1,2.0,0.0,0.0,0.0,1.0,1,1,0,1,1.0,1.0,0
0,20.0,30000000,6,Singapore,3,2.7,2.3,2.7,1.0,2.0,1,0,0,0,0.83,1.0,1
0,29.0,500000,9,India,4,2.4,2.3,1.0,1.0,1.0,1,1,0,1,0.0,0.0,0
1,101.0,50000000,7,UK,4,3.1,3.4,2.8,1.0,1.0,1,1,0,0,1.0,1.0,1
1,14.0,200000000,11,Estonia,2,3.1,5.0,4.8,1.0,1.0,1,0,0,0,0.73,1.0,1
0,28.0,23000000,6,USA,1,1.5,1.0,1.0,1.0,2.0,0,0,0,0,0.0,1.0,0
1,52.0,7,16,Russia,2,3.3,3.2,2.5,1.0,2.0,1,1,0,1,0.88,1.0,0
0,67.0,100000000000,18,USA,3,4.0,3.5,4.0,0.0,3.0,1,1,0,1,0.61,1.0,0
0,58.0,160000000,7,USA,2,3.0,0.0,0.0,1.0,1.0,1,0,0,1,0.17,1.0,1
0,31.0,15817083,10,Australia,3,3.6,4.2,3.1,1.0,1.0,1,1,0,1,0.9,1.0,1
1,27.0,37500000,14,Latin America,1,3.0,0.0,0.0,1.0,1.0,1,0,0,1,1.0,1.0,0
0,31.0,0,14,USA,2,4.0,4.7,3.4,1.0,1.0,1,1,3,1,0.93,0.93,0
0,28.0,0,7,Australia,1,2.4,0.0,0.0,1.0,1.0,1,1,0,0,1.0,1.0,1
1,28.0,2500000000,12,USA,3,3.5,4.0,3.3,1.0,1.0,1,0,2,0,1.0,1.0,1
1,105.0,200000000,5,Czech Republic,1,4.0,3.7,4.1,1.0,5.0,1,1,0,1,1.0,1.0,0
0,14.0,27500000000,21,Cayman Island,1,3.3,0.0,0.0,0.0,1.0,1,1,3,0,0.87,1.0,0
1,41.0,60000000,16,Belize,2,3.9,3.9,3.5,1.0,2.0,1,1,1,1,0.88,1.0,1
1,30.0,15000000,15,India & Australia,1,3.5,3.0,2.0,1.0,2.0,1,1,0,1,0.73,1.0,0
0,87.0,90,7,Czech Republic,1,2.0,0.0,0.0,1.0,4.0,1,1,0,0,0.0,1.0,0
1,28.0,50000000,26,Canada,1,3.6,4.0,2.0,1.0,1.0,1,1,0,1,0.15,1.0,0
0,30.0,0,17,Saint Lucia,4,3.1,3.1,2.4,1.0,1.0,1,1,0,0,1.0,1.0,0
0,30.0,315000000,10,Canada,3,2.8,0.0,0.0,0.0,2.0,1,1,0,1,0.7,1.0,0
0,28.0,36000000,13,Australia,1,1.9,3.0,2.0,0.0,1.0,1,0,0,0,0.0,1.0,0
1,40.0,260000000,10,Singapore,1,2.5,2.8,2.8,1.0,1.0,1,0,0,0,0.0,1.0,0
1,56.0,50000000,14,Cyprus,4,3.4,4.5,3.4,0.0,7.0,1,1,0,0,0.93,1.0,0
1,80.0,20000000,14,Estonia,4,3.6,3.8,3.2,1.0,4.0,1,1,3,0,0.93,1.0,1
0,30.0,70000000,7,USA,4,2.4,0.0,0.0,1.0,1.0,1,0,0,0,1.0,1.0,0
0,13.0,300000000,17,Singapore,1,3.4,0.0,0.0,1.0,1.0,1,1,0,1,0.94,0.75,1
0,16.0,400000000,4,UAE,1,2.9,0.0,0.0,1.0,1.0,1,1,0,0,0.0,1.0,0
1,31.0,240000000,14,Singapore,2,3.3,4.0,4.0,1.0,2.0,1,1,3,1,0.5,0.79,0
1,41.0,150000000,20,UK,2,2.3,0.0,0.0,0.0,1.0,1,1,0,0,0.9,1.0,0
0,30.0,0,7,USA,7,3.4,0.0,0.0,1.0,2.0,1,1,3,0,1.0,1.0,0
0,28.0,0,26,Singapore,2,3.7,3.0,3.0,1.0,1.0,1,1,3,1,0.81,1.0,1
0,45.0,50000000,8,Canada,2,2.0,4.0,3.0,1.0,3.0,1,0,0,0,0.5,1.0,1
1,58.0,3000000000,19,Thailand,3,3.8,4.2,4.5,0.0,2.0,1,1,0,1,1.0,0.84,0
0,30.0,5000000,2,Russia,2,1.6,1.0,2.0,0.0,1.0,1,0,0,0,1.0,1.0,1
0,29.0,100000000,9,UK,1,1.9,0.0,0.0,1.0,1.0,0,1,0,0,1.0,1.0,0
0,58.0,200000000,14,Panama,1,2.3,0.0,0.0,1.0,1.0,1,1,0,0,0.0,1.0,1
0,28.0,210000000,5,USA,3,3.4,3.0,3.0,1.0,1.0,1,1,0,1,1.0,1.0,0
1,31.0,5000000,21,Switzerland,1,4.1,0.0,0.0,1.0,1.0,1,1,0,1,0.0,0.0,0
1,30.0,600,6,Russia,2,1.6,1.8,1.5,1.0,1.0,0,0,0,0,0.0,0.0,0
1,42.0,25000000,8,UK,3,2.6,4.0,4.0,1.0,2.0,1,0,0,0,1.0,1.0,0
0,35.0,192000000,17,Slovenia,5,2.8,3.1,2.3,1.0,1.0,1,1,0,1,0.71,1.0,0
1,32.0,700000000,17,UK,4,2.4,2.2,2.2,1.0,2.0,1,1,0,1,0.88,1.0,0
1,30.0,8000000,13,Singapore,6,2.8,0.0,0.0,1.0,3.0,1,0,0,0,0.85,1.0,1
0,28.0,0,8,Mexico,1,2.3,0.0,0.0,1.0,2.0,1,1,0,1,0.0,1.0,1
1,8.0,30000000,17,USA,2,4.2,4.9,4.9,1.0,1.0,1,1,2,1,0.0,1.0,1
0,51.0,114000000,8,UK,1,1.9,1.0,2.0,0.0,1.0,1,0,0,0,0.0,0.5,0
0,45.0,200000000,11,Russia,3,2.4,3.0,2.0,1.0,1.0,1,1,0,0,0.0,1.0,0
1,71.0,1500001,9,Russia,2,3.6,3.9,3.8,1.0,1.0,1,1,0,1,0.78,1.0,0
1,89.0,10000000,25,UK,1,4.1,4.6,4.1,1.0,6.0,1,1,0,0,0.76,1.0,0
0,25.0,0,5,Singapore,1,2.2,1.4,1.2,0.0,1.0,1,1,0,0,1.0,1.0,0
1,91.0,60000000,7,USA,5,3.4,4.6,4.1,1.0,2.0,1,1,0,0,0.14,1.0,1
0,31.0,0,4,Estonia,1,2.0,0.0,0.0,1.0,1.0,1,1,0,0,0.0,1.0,0
1,35.0,30000000,7,Australia,1,3.8,3.7,3.2,1.0,1.0,1,1,2,1,0.57,1.0,0
0,59.0,28301260,36,"Serbia, France",4,3.4,4.0,4.0,1.0,4.0,1,0,0,1,1.0,1.0,0
0,30.0,22500000,6,Germany,5,1.6,1.0,1.0,1.0,1.0,1,0,0,0,0.0,1.0,0
1,28.0,490000000,10,Netherland,2,3.0,0.0,0.0,1.0,1.0,1,1,0,1,0.0,1.0,0
0,30.0,9000000,5,Russia,1,2.4,1.0,2.0,0.0,5.0,1,0,0,0,1.0,1.0,0
1,23.0,60000000,10,Russia,2,3.5,3.5,3.5,1.0,4.0,1,1,0,1,0.0,1.0,1
1,18.0,500000000,31,Switzerland,3,4.1,4.4,4.2,1.0,2.0,1,1,0,0,0.9,1.0,1
1,31.0,60000000,35,Cambodia,2,4.1,4.3,3.9,1.0,1.0,1,1,0,1,0.8,1.0,0
1,41.0,130000000,8,Switzerland,1,3.5,3.0,2.0,1.0,2.0,1,1,0,0,1.0,1.0,0
1,3.0,100000000,6,USA,3,3.0,0.0,0.0,1.0,1.0,1,1,2,0,1.0,0.0,0
1,31.0,400000000,15,Lithuania,4,3.1,3.2,2.7,1.0,1.0,1,1,1,1,1.0,1.0,0
0,47.0,0,8,Brazil,1,2.6,3.0,3.0,1.0,1.0,1,0,3,1,1.0,1.0,0
1,60.0,86400000,11,UK,5,3.9,3.6,3.8,1.0,3.0,1,1,0,1,1.0,1.0,1
0,30.0,480000000,14,UAE,1,3.6,5.0,4.0,1.0,1.0,1,1,2,0,0.5,1.0,1
1,63.0,40000000,19,UK,3,4.3,4.5,4.1,1.0,4.0,1,1,3,1,1.0,1.0,0
0,48.0,600000000,34,Korea,2,2.5,0.0,0.0,0.0,1.0,1,1,0,0,0.0,1.0,0
1,107.0,50000000,11,Singapore,3,3.5,3.9,3.5,1.0,2.0,1,1,0,1,1.0,0.91,0
1,35.0,21000000,6,Belize,1,2.7,2.4,2.4,0.0,6.0,1,1,0,1,1.0,1.0,1
0,32.0,26520000,9,USA,1,2.5,0.0,0.0,1.0,4.0,1,0,0,0,0.78,1.0,1
0,20.0,0,4,Brazil,2,1.6,0.0,0.0,0.0,1.0,1,0,0,0,1.0,1.0,0
0,28.0,400000000,8,USA,2,3.6,4.5,4.0,0.0,3.0,1,1,0,1,0.25,1.0,1
1,91.0,195555360,9,UK,3,4.0,4.0,3.9,1.0,3.0,1,1,1,1,0.89,1.0,1
0,92.0,100000000,1,Canada,1,2.3,1.0,1.0,0.0,5.0,0,0,0,0,1.0,1.0,0
1,7.0,990000000,13,Isle of Man,4,4.0,4.0,3.6,1.0,3.0,1,1,3,0,0.46,1.0,0
0,72.0,0,10,Russia,2,2.5,0.0,0.0,0.0,1.0,1,1,0,0,0.7,1.0,0
1,54.0,180000,7,USA,1,2.7,4.0,4.0,1.0,2.0,1,1,0,1,1.0,0.83,1
1,37.0,25000000,4,Russia,2,2.6,2.0,2.0,1.0,7.0,1,1,0,1,0.5,1.0,0
0,30.0,720000000,21,Russia,3,3.4,4.2,3.0,1.0,1.0,1,1,0,1,0.95,1.0,0
0,8.0,3000000,1,Russia,1,1.5,1.0,1.0,0.0,1.0,1,1,3,0,0.08,1.0,0
0,30.0,5236000000,21,Singapore,4,3.1,3.0,2.5,1.0,2.0,1,1,3,1,0.71,1.0,1
0,45.0,0,4,Denmark,1,1.5,2.0,2.0,0.0,1.0,1,1,0,0,0.0,0.0,0
0,21.0,0,5,Russia,1,2.6,3.0,3.0,1.0,1.0,1,0,0,1,0.0,1.0,1
0,61.0,50000000,14,USA,2,2.5,3.0,2.0,1.0,1.0,1,0,0,1,0.71,1.0,1
0,30.0,3000000,6,Russia,2,1.4,2.0,2.0,0.0,6.0,0,0,0,0,0.0,1.0,0
1,42.0,60000000,20,Malta,4,4.0,5.0,5.0,1.0,1.0,1,1,3,1,0.7,1.0,1
1,30.0,331700000,12,Russia,1,3.6,4.6,4.2,0.0,5.0,1,1,0,0,0.5,1.0,0
0,50.0,0,7,Germany,2,3.5,3.0,4.0,1.0,5.0,1,1,0,1,1.0,1.0,1
0,31.0,65000000,3,Germany,1,2.0,0.0,0.0,0.0,3.0,1,0,0,0,1.0,1.0,0
0,47.0,0,6,Thailand,1,2.4,1.0,1.0,1.0,1.0,1,0,0,1,0.5,1.0,0
1,29.0,100000000,9,Singapore,2,3.4,3.6,3.0,1.0,1.0,1,1,3,0,1.0,1.0,0
1,31.0,42000000000,21,Switzerland,2,4.0,4.4,3.7,1.0,1.0,1,1,3,1,0.86,1.0,0
0,44.0,350000000,8,Ukraine,1,2.6,3.4,2.4,1.0,1.0,1,0,0,0,0.5,1.0,0
0,59.0,4000000000,3,UK,1,2.3,0.0,0.0,1.0,1.0,1,0,0,0,0.0,1.0,0
0,44.0,355200000,13,Philippines,1,2.5,0.0,0.0,1.0,3.0,1,0,0,0,0.69,1.0,1
0,60.0,0,3,Canada,2,1.8,0.0,0.0,1.0,1.0,1,1,0,0,0.67,1.0,0
1,31.0,350000000,15,Estonia,1,4.1,4.1,3.5,1.0,2.0,1,1,2,1,0.8,1.0,0
0,42.0,150000000,18,USA,3,3.0,0.0,0.0,0.0,1.0,1,0,0,0,0.44,1.0,0
1,15.0,14000000000000,3,China,1,3.0,3.0,3.0,1.0,1.0,1,0,3,1,0.0,1.0,1
1,49.0,100000000,14,Switzerland,1,3.4,4.7,5.0,1.0,1.0,1,1,0,0,0.62,0.92,0
0,70.0,18000000,8,USA,8,4.3,4.3,4.3,1.0,1.0,1,1,0,1,1.0,1.0,1
0,28.0,0,6,USA,3,2.3,0.0,0.0,1.0,1.0,1,0,0,1,0.5,0.5,1
1,35.0,140000000,18,Netherland,2,3.1,4.2,4.2,1.0,2.0,1,1,0,1,0.76,1.0,0
1,47.0,1340000000,5,India,2,2.4,5.0,4.0,1.0,1.0,1,0,0,0,1.0,1.0,1
1,46.0,7200000,18,UAE,2,3.5,4.5,3.4,1.0,3.0,1,1,3,1,0.78,1.0,1
0,60.0,0,6,Canada,2,2.1,2.8,1.5,1.0,2.0,1,0,0,0,0.0,1.0,0
0,56.0,10000000,8,Czechia,2,2.1,3.0,2.0,1.0,1.0,1,0,0,1,1.0,1.0,0
1,30.0,50000000,10,Singapore,5,3.5,4.0,3.3,1.0,1.0,1,1,1,0,1.0,1.0,0
0,31.0,18200000,13,Greece,3,2.5,0.0,0.0,0.0,1.0,1,0,0,1,0.38,1.0,0
1,45.0,102500000,10,Belize,3,2.8,3.1,3.0,1.0,1.0,1,1,0,1,1.0,1.0,0
1,62.0,100000000,10,Germany,4,3.7,4.1,4.3,1.0,1.0,1,1,0,0,0.4,1.0,0
1,8.0,106000000,6,Switzerland,4,3.2,3.8,3.7,1.0,1.0,1,1,0,1,0.0,1.0,1
1,60.0,40000000,30,UK,4,4.0,4.1,3.9,1.0,4.0,1,1,3,1,1.0,1.0,0
1,30.0,20000000,8,Russia,4,4.0,4.1,3.8,1.0,5.0,1,1,3,0,0.89,0.89,0
0,31.0,500,4,UK,6,2.1,1.5,1.0,1.0,1.0,1,1,0,1,0.75,1.0,1
1,0.0,2307692310,15,Gibraltar,1,4.0,4.2,4.1,1.0,1.0,1,1,3,0,0.73,1.0,0
1,19.0,1500000000,18,Switzerland,5,4.7,4.7,4.7,1.0,1.0,1,1,1,0,1.0,1.0,0
0,86.0,24999,10,Estonia,5,2.3,0.0,0.0,1.0,5.0,1,1,0,0,0.9,0.9,0
1,15.0,125000000,10,Japan,1,3.5,3.8,2.8,1.0,2.0,1,1,3,1,1.0,1.0,0
1,31.0,1000000000,9,Israel,1,1.8,0.0,0.0,1.0,1.0,1,1,0,0,0.0,0.0,0
0,43.0,400000000,15,Singapore,2,3.4,3.4,3.4,1.0,1.0,1,1,1,1,0.81,1.0,0
0,35.0,0,8,Russia,2,2.1,0.0,0.0,1.0,3.0,1,0,0,0,0.0,1.0,0
0,36.0,0,15,USA,2,3.1,0.0,0.0,1.0,1.0,1,1,0,0,1.0,1.0,0
0,19.0,0,11,Russia,2,3.0,3.0,3.0,1.0,1.0,1,1,0,1,0.0,1.0,1
1,90.0,45000000,5,Russia,3,2.8,4.0,3.0,0.0,2.0,1,1,0,1,0.0,1.0,0
0,28.0,40000000,10,Belarus,2,2.9,3.0,3.0,0.0,5.0,1,1,0,1,0.4,1.0,1
1,31.0,9476400,4,Switzerland,1,2.5,0.0,0.0,1.0,1.0,1,1,3,0,1.0,1.0,0
1,25.0,50000000,12,Lithuania,2,4.2,4.3,4.7,1.0,3.0,1,1,0,0,1.0,1.0,0
1,40.0,70000000,27,Russia,4,3.6,3.9,3.6,1.0,3.0,1,1,3,1,0.81,1.0,1
0,16.0,30000000,16,USA,3,3.7,4.0,3.6,1.0,1.0,1,1,0,1,1.0,1.0,1
1,47.0,300000000,30,China,1,3.6,5.0,4.0,1.0,3.0,1,1,0,0,1.0,1.0,1
0,29.0,130000000,11,Russia,3,2.8,3.0,3.0,1.0,2.0,1,0,0,1,0.36,1.0,0
1,4.0,450000000,53,Israel,1,4.1,4.7,4.4,1.0,1.0,1,1,0,0,0.91,1.0,0
1,59.0,16800000000,13,UK,4,3.8,4.4,3.9,1.0,3.0,1,1,0,0,0.77,1.0,1
1,21.0,100000000,10,Seychelles,4,4.1,4.2,3.8,1.0,1.0,1,1,3,1,0.9,1.0,0
1,15.0,20000000,22,Singapore,4,2.6,3.1,3.1,1.0,6.0,1,1,0,0,0.79,0.26,1
1,77.0,27000000,11,Poland,1,3.0,0.0,0.0,1.0,1.0,1,1,0,0,0.0,1.0,1
1,30.0,24000000,17,Germany,1,3.8,4.0,3.7,0.0,2.0,1,1,3,0,0.76,0.94,0
0,30.0,0,3,UK,1,1.5,0.0,0.0,1.0,1.0,0,0,0,0,0.0,1.0,0
0,196.0,200000000,5,Chile,1,1.6,2.0,1.6,0.0,2.0,0,0,0,0,1.0,1.0,0
0,30.0,150000000,11,Belize,1,2.5,4.0,4.0,1.0,1.0,1,1,0,1,0.91,1.0,1
1,15.0,80000000,12,Malta,1,3.0,0.0,0.0,1.0,2.0,1,1,0,0,0.92,1.0,1
0,21.0,50000000,11,Colombia,2,3.5,4.4,3.4,1.0,1.0,1,1,0,1,1.0,1.0,1
1,0.0,6000000000,67,Cayman Island,1,3.5,4.0,4.0,1.0,1.0,1,1,0,1,0.18,1.0,0
1,30.0,260000000,18,Netherland,2,3.9,3.4,3.4,0.0,2.0,1,1,3,1,0.78,1.0,0
0,21.0,50031000,18,Slovenia,5,3.9,3.9,3.7,1.0,1.0,1,1,1,1,0.94,1.0,0
0,70.0,187500000,8,Cayman Island,1,2.5,0.0,0.0,1.0,4.0,1,0,0,0,0.75,1.0,0
0,54.0,0,2,UK,1,2.1,0.0,0.0,1.0,1.0,1,0,0,0,1.0,1.0,0
1,35.0,84000000,6,USA,1,2.0,3.0,1.2,1.0,3.0,1,0,0,0,0.0,1.0,0
1,9.0,28672000,18,Singapore,1,3.3,0.0,0.0,1.0,1.0,1,0,3,1,0.72,1.0,0
0,46.0,0,10,South Africa,1,2.9,4.0,4.0,1.0,1.0,1,1,0,1,0.4,1.0,0
0,31.0,70000,5,Australia,1,1.9,0.0,0.0,1.0,1.0,0,0,0,0,1.0,1.0,0
1,0.0,75000000,9,USA,2,3.3,2.5,2.5,1.0,2.0,1,0,3,1,0.56,1.0,1
0,14.0,280000000,3,Russia,1,2.4,0.0,0.0,1.0,1.0,1,0,0,0,1.0,1.0,0
1,7.0,100000000,21,USA,5,4.7,4.5,3.9,1.0,1.0,1,1,0,1,0.9,1.0,0
1,46.0,400,7,South Africa,4,2.6,0.0,0.0,1.0,3.0,1,0,0,1,1.0,1.0,1
0,71.0,570000000,10,USA,3,3.5,0.0,0.0,1.0,4.0,1,1,2,1,0.58,1.0,0
0,30.0,0,2,Russia,2,1.5,0.0,0.0,1.0,1.0,1,0,0,0,0.0,0.0,0
1,23.0,300,40,Slovenia,3,4.5,4.6,4.2,1.0,1.0,1,1,2,1,0.93,1.0,0
1,0.0,55000000,15,Romania,2,3.8,4.0,3.4,1.0,2.0,1,1,3,1,1.0,1.0,0
1,100.0,3000000000,23,USA,1,3.6,0.0,0.0,1.0,5.0,1,0,3,1,0.96,1.0,1
1,0.0,6000000,7,UK,1,3.1,3.0,4.0,1.0,1.0,1,1,2,1,0.89,0.5,1
1,26.0,10000000,9,UK,2,2.3,1.8,1.5,1.0,2.0,1,1,0,0,0.11,1.0,0
1,14.0,210000000,21,Costa Rica,7,4.8,4.8,4.8,1.0,3.0,1,1,3,1,1.0,1.0,1
1,0.0,201000000,23,Liechtenstein,3,4.0,4.5,3.3,1.0,1.0,1,1,0,1,1.0,1.0,0
1,32.0,150000000,9,USA,3,3.4,3.4,3.3,1.0,1.0,1,1,0,0,0.44,1.0,1
1,50.0,3100000000,23,Philippines,1,3.2,2.9,3.1,1.0,5.0,1,1,0,1,0.96,1.0,1
1,23.0,80000,1,Switzerland,3,1.3,2.4,2.4,0.0,1.0,0,1,0,0,0.0,0.0,0
0,29.0,0,13,UK,3,2.8,3.0,3.0,1.0,1.0,1,1,0,1,1.0,1.0,0
1,18.0,462500000,12,Russia,2,1.5,0.0,0.0,0.0,1.0,0,0,0,0,0.0,1.0,0
1,61.0,6400000,2,UK,2,2.4,0.0,0.0,1.0,2.0,1,1,0,1,1.0,1.0,1
1,60.0,45000000,18,Cyprus,2,2.6,0.0,0.0,1.0,1.0,1,1,2,0,0.89,1.0,0
0,21.0,0,9,Russia,2,1.6,1.6,1.0,0.0,1.0,1,0,0,0,0.0,1.0,0
0,21.0,35000000,5,Russia,7,1.4,1.3,1.0,0.0,1.0,1,0,0,0,0.0,1.0,0
1,113.0,1000000000,9,Australia,2,2.5,0.0,0.0,1.0,2.0,1,1,0,0,0.71,1.0,1
0,31.0,13000000,14,Switzerland,2,2.8,3.2,2.5,1.0,1.0,1,1,0,0,0.86,1.0,1
0,150.0,500000000,14,UK,2,2.7,2.4,2.5,1.0,7.0,1,1,1,1,1.0,1.0,0
0,151.0,0,10,Kenya,1,1.1,1.0,1.0,0.0,1.0,0,0,3,1,0.4,0.0,0
0,10.0,1000000000,27,USA,2,3.4,4.0,3.0,1.0,4.0,1,1,0,1,0.29,1.0,0
0,41.0,90000000,6,Finland,1,2.3,0.0,0.0,1.0,1.0,1,0,0,1,0.78,1.0,1
0,88.0,46900000,33,Gibraltar,4,2.6,0.0,0.0,1.0,2.0,1,1,0,0,0.0,1.0,0
0,29.0,115000000,9,USA,1,3.6,4.0,3.2,1.0,4.0,1,1,0,1,0.33,1.0,0
0,30.0,75000000000,6,Russia,2,1.6,1.7,1.3,1.0,1.0,0,0,0,0,0.17,1.0,0
0,22.0,0,11,Netherland,1,2.4,0.0,0.0,1.0,2.0,1,0,0,0,0.0,1.0,0
1,59.0,25000000,6,Romania,3,2.5,2.4,1.4,1.0,4.0,1,1,2,1,1.0,1.0,0
0,30.0,0,2,USA,2,3.0,0.0,0.0,1.0,1.0,1,1,0,0,0.0,1.0,1
0,31.0,0,4,Russia,1,1.5,0.0,0.0,0.0,1.0,1,0,0,0,0.0,1.0,0
0,30.0,270000000,9,Singapore,2,2.9,0.0,0.0,1.0,1.0,1,1,2,1,0.44,1.0,0
1,34.0,130000000,14,Australia,5,2.7,2.8,2.4,1.0,4.0,1,1,0,1,0.43,1.0,0
1,2.0,66000000,11,France,2,3.9,4.5,3.9,1.0,1.0,1,1,2,1,1.0,1.0,0
0,80.0,10450000,5,USA,1,2.1,2.0,1.0,1.0,1.0,1,0,0,0,0.0,1.0,0
1,30.0,3170000,4,Russia,1,2.5,0.0,0.0,1.0,1.0,1,1,0,1,0.0,1.0,0
1,16.0,1,20,Singapore,2,3.3,5.0,5.0,0.0,1.0,1,1,2,0,0.0,1.0,1
0,31.0,0,8,Israel,3,1.7,2.0,2.0,1.0,1.0,0,0,0,0,0.0,1.0,0
0,61.0,0,19,USA,2,2.1,0.0,0.0,1.0,1.0,1,0,0,1,0.89,1.0,0
1,37.0,100000000,17,Korea,2,3.0,0.0,0.0,0.0,3.0,1,1,0,0,0.0,1.0,0
1,29.0,30000000,26,China,2,3.7,4.0,4.0,1.0,1.0,1,1,2,1,0.0,1.0,0
1,30.0,8500000,5,UK,1,2.4,2.0,2.0,0.0,1.0,1,0,0,0,0.0,1.0,1
0,95.0,100000000,4,USA,2,2.4,0.0,0.0,1.0,1.0,1,0,3,0,0.75,1.0,0
0,31.0,1250200000,12,Belarus,2,3.4,3.9,4.1,1.0,1.0,1,1,0,1,1.0,1.0,0
0,30.0,50,1,Cayman Island,4,3.6,4.0,3.5,1.0,1.0,1,1,0,1,1.0,1.0,0
1,18.0,4770000000000000,10,USA,2,2.4,0.0,0.0,1.0,1.0,1,1,0,0,0.0,1.0,0
0,59.0,4000000,3,USA,2,1.9,0.0,0.0,0.0,1.0,1,1,0,1,1.0,1.0,0
0,24.0,10000000,10,Australia,2,3.8,4.3,4.2,1.0,1.0,1,1,3,0,0.8,1.0,1
0,77.0,26600000,20,Cyprus,5,3.3,4.3,3.6,1.0,1.0,1,0,0,1,0.6,1.0,0
1,14.0,100000000,2,China,1,1.5,1.7,1.0,0.0,4.0,1,0,0,0,0.0,1.0,0
1,28.0,400000000,19,Switzerland,4,3.8,3.9,3.7,1.0,4.0,1,1,3,0,0.89,1.0,1
1,30.0,60000000,15,Russia,2,3.6,2.8,3.5,1.0,1.0,1,1,3,1,0.71,1.0,1
0,14.0,40000000,10,USA,2,2.9,4.6,4.6,0.0,1.0,1,0,0,0,1.0,1.0,1
0,30.0,40000000,9,Thailand,1,3.0,4.2,3.6,1.0,1.0,1,0,0,0,1.0,1.0,0
1,71.0,550000000,17,Russia,4,3.5,5.0,4.0,1.0,1.0,1,1,3,1,0.41,1.0,1
0,46.0,27,14,Netherland,1,2.6,0.0,0.0,1.0,4.0,1,1,0,0,1.0,1.0,0
1,7.0,275000000,15,British Virgin Islands,2,3.3,2.9,3.0,1.0,1.0,1,1,3,0,0.93,1.0,1
1,58.0,50000000,15,Seychelles,5,3.4,0.0,0.0,1.0,1.0,1,1,0,1,1.0,1.0,0
0,31.0,13300000,2,Switzerland,2,2.0,0.0,0.0,1.0,1.0,1,0,0,0,1.0,1.0,0
0,41.0,940000000,7,Slovenia,2,2.5,0.0,0.0,1.0,1.0,1,1,0,0,1.0,1.0,0
1,30.0,700,26,Seychelles,3,1.9,1.8,1.6,1.0,1.0,1,1,0,1,0.0,1.0,1
0,47.0,0,16,Cayman Island,3,3.8,4.3,5.0,1.0,4.0,1,1,0,1,1.0,1.0,0
1,9.0,34000000,20,Switzerland,1,3.3,3.7,3.0,1.0,2.0,1,1,2,1,1.0,1.0,1
1,100.0,650000000,11,China,2,2.5,3.0,3.1,1.0,1.0,1,1,0,1,0.0,0.55,1
1,29.0,314159265,15,USA,1,2.3,2.0,2.0,0.0,1.0,1,1,0,1,0.93,1.0,0
0,13.0,5000000000,12,UK,1,2.8,0.0,0.0,1.0,4.0,1,1,1,0,1.0,1.0,1
0,90.0,0,3,Belgium,5,2.1,0.0,0.0,0.0,2.0,1,0,0,1,0.0,1.0,0
0,41.0,16000000,7,Poland,1,2.5,2.6,2.3,1.0,5.0,1,0,0,0,0.57,1.0,0
1,7.0,450000000,21,Singapore,3,3.8,4.3,3.4,1.0,1.0,1,1,2,1,1.0,1.0,0
0,45.0,10000000,16,Ukraine,4,2.7,3.3,3.3,1.0,3.0,1,1,0,1,0.69,1.0,0
1,15.0,880000000,16,USA,2,2.3,4.0,4.0,0.0,1.0,1,1,3,1,0.0,1.0,1
0,27.0,7000000,4,British Virgin Islands,4,2.5,0.0,0.0,1.0,1.0,1,1,0,0,1.0,1.0,0
0,31.0,0,9,Jersey,1,2.2,3.0,2.0,1.0,3.0,1,0,0,1,0.11,0.78,1
0,28.0,0,6,Panama,1,1.3,1.8,1.6,0.0,1.0,0,0,0,0,0.0,1.0,0
1,29.0,6666666,1,Switzerland,3,1.2,1.0,1.0,0.0,1.0,0,1,0,0,0.0,1.0,0
1,72.0,144000000,17,France,1,2.9,4.4,2.0,1.0,6.0,1,1,3,0,1.0,1.0,1
0,93.0,200000000,14,USA,4,3.2,4.2,4.1,1.0,4.0,1,1,0,1,1.0,1.0,1
1,29.0,1181031,17,South Korea,2,3.4,4.0,4.0,1.0,1.0,1,1,0,1,0.94,1.0,1
0,25.0,1172500000,18,Russia,3,3.3,2.9,2.9,1.0,1.0,1,1,0,1,0.61,1.0,0
1,31.0,70000000,14,USA,3,3.1,3.4,3.9,0.0,1.0,1,1,2,1,0.0,1.0,0
1,0.0,1000000000,19,USA,1,3.2,4.0,2.7,0.0,1.0,1,1,0,1,1.0,1.0,0
1,44.0,10000000,19,Gibraltar,4,2.9,0.0,0.0,1.0,1.0,1,1,1,1,0.68,1.0,0
0,30.0,210000000,10,Chile,1,3.1,3.0,3.5,1.0,1.0,1,1,0,0,0.7,1.0,1
1,61.0,8000000,4,Switzerland,1,1.9,0.0,0.0,1.0,1.0,1,1,0,0,0.75,0.0,0
0,31.0,100000000,9,Singapore,1,2.7,4.0,4.0,0.0,3.0,1,1,0,0,0.67,1.0,0
0,17.0,425000000,5,Switzerland,1,2.4,0.0,0.0,1.0,2.0,1,0,0,0,0.4,1.0,1
0,60.0,560000000,5,Russia,4,2.4,0.0,0.0,1.0,1.0,1,0,0,0,0.2,1.0,0
0,26.0,250000000,24,USA,2,2.8,0.0,0.0,1.0,2.0,1,1,0,1,0.88,1.0,0
1,77.0,122400000,22,Singapore,2,3.0,3.6,3.3,0.0,1.0,1,1,0,1,0.41,1.0,1
0,45.0,500000000,11,Marshall Islands,2,1.8,0.0,0.0,1.0,2.0,1,1,0,0,0.0,0.0,0
1,109.0,800000000,16,Russia,1,3.5,4.0,4.0,0.0,3.0,1,1,0,1,0.0,1.0,0
0,34.0,0,3,Belize,2,1.5,0.0,0.0,0.0,1.0,1,0,0,0,0.0,1.0,0
0,21.0,0,3,UK,3,1.5,1.0,1.0,0.0,4.0,1,0,0,1,0.33,1.0,1
1,30.0,50000000,11,Russia,2,2.8,4.0,3.5,1.0,5.0,1,0,0,0,0.36,1.0,0
1,46.0,300000000,14,Estonia,7,3.9,3.0,3.3,1.0,1.0,1,1,0,0,0.77,1.0,1
0,29.0,99996000,8,Switzerland,1,2.3,0.0,0.0,1.0,1.0,1,1,0,1,0.75,0.75,0
0,81.0,1500000000,8,Singapore,4,1.6,0.0,0.0,0.0,1.0,1,0,0,1,0.0,0.0,0
1,13.0,13000000,4,China,2,2.5,0.0,0.0,1.0,1.0,1,0,0,1,1.0,0.0,0
1,60.0,4900000,8,Russia,1,2.3,0.0,0.0,0.0,3.0,1,0,0,0,0.0,1.0,0
0,30.0,264000000,11,Germany,3,3.3,3.7,3.5,1.0,3.0,1,1,0,1,1.0,1.0,0
1,62.0,75000000,5,Romania,4,2.6,3.0,2.3,1.0,1.0,1,1,0,1,1.0,1.0,0
1,70.0,125000000,19,Slovenia,7,2.9,0.0,0.0,1.0,1.0,1,1,0,1,0.79,1.0,1
1,112.0,10100000,18,Estonia,2,3.4,4.2,4.2,1.0,4.0,1,1,0,1,0.0,0.0,0
1,49.0,180000000,34,Singapore,4,4.2,4.4,4.0,1.0,1.0,1,1,3,1,0.73,1.0,0
0,30.0,0,2,Australia,3,1.8,0.0,0.0,1.0,1.0,0,0,0,1,1.0,1.0,0
0,28.0,150000,6,Germany,2,2.3,0.0,0.0,0.0,1.0,1,0,0,1,0.83,1.0,0
0,60.0,11000000,10,Spain,3,2.5,0.0,0.0,0.0,4.0,1,0,0,0,0.3,1.0,0
1,61.0,303000000,20,Belize,5,4.2,4.5,3.9,1.0,2.0,1,1,0,1,1.0,1.0,1
1,73.0,14070000,9,Pakistan,1,2.0,0.0,0.0,0.0,3.0,1,0,0,0,0.0,1.0,0
1,7.0,100000000,9,UK,3,3.2,3.7,4.2,1.0,1.0,1,1,0,1,1.0,1.0,0
1,31.0,52000000,22,Seychelles,7,3.6,3.9,2.6,1.0,1.0,1,1,3,0,0.79,0.08,0
0,31.0,0,7,Russia,5,1.9,0.0,0.0,1.0,1.0,1,0,0,0,0.0,1.0,0
1,31.0,1530000000,18,Switzerland,6,3.4,3.0,2.0,0.0,1.0,1,1,0,1,0.83,1.0,1
1,30.0,1050000000,14,USA,2,4.2,4.5,3.9,1.0,1.0,1,1,1,1,0.93,1.0,0
1,27.0,66000000,24,Singapore,2,4.0,4.8,3.5,1.0,1.0,1,1,3,0,0.96,1.0,1
1,14.0,500000000,12,Switzerland,3,4.1,4.7,3.7,1.0,1.0,1,1,0,1,1.0,1.0,1
1,21.0,130000000,16,UK,2,4.1,4.4,4.0,1.0,3.0,1,1,0,0,1.0,1.0,0
0,30.0,212062500,6,Lithuania,2,2.6,0.0,0.0,1.0,1.0,1,0,0,0,0.83,1.0,1
0,30.0,95000000,5,Ukraine,1,2.3,0.0,0.0,0.0,4.0,1,1,0,0,0.8,1.0,0
0,30.0,500000000,14,Germany,2,3.1,4.0,5.0,1.0,1.0,1,1,2,1,0.71,1.0,1
1,40.0,100000000,8,Italy,4,2.5,3.0,3.0,1.0,1.0,1,0,0,1,0.88,1.0,0
1,1.0,7000000,12,USA,3,4.1,4.0,4.0,1.0,1.0,1,1,0,1,0.9,1.0,0
1,51.0,99000000,11,Russia,1,3.4,3.3,3.0,1.0,2.0,1,1,0,1,0.73,1.0,0
1,30.0,250000000,5,Japan,3,3.3,0.0,0.0,1.0,1.0,1,1,3,1,0.0,1.0,1
0,101.0,0,20,USA,4,3.7,4.3,3.1,1.0,4.0,1,1,0,1,1.0,1.0,1
0,123.0,200,19,Philippines,1,2.1,3.0,2.0,1.0,1.0,1,1,0,0,0.89,1.0,0
1,10.0,150000000,20,Switzerland,2,3.6,0.0,0.0,1.0,4.0,1,1,0,0,1.0,0.85,0
1,7.0,100000000,4,Estonia,1,2.0,0.0,0.0,1.0,1.0,0,1,0,0,1.0,1.0,0
1,91.0,441000000,26,Estonia,3,4.2,4.3,3.8,1.0,1.0,1,1,3,1,1.0,1.0,0
0,35.0,63000000,11,South Korea,2,2.3,0.0,0.0,1.0,1.0,1,1,0,0,0.0,1.0,0
1,33.0,343192038,14,Switzerland,2,3.7,4.4,4.2,1.0,1.0,1,1,2,1,0.86,1.0,1
1,30.0,60000000,9,India,3,4.3,4.6,4.2,1.0,1.0,1,1,0,1,1.0,1.0,1
0,63.0,0,8,Russia,1,2.0,0.0,0.0,0.0,1.0,1,0,0,0,0.0,1.0,0
1,31.0,700000000,6,Seychelles,4,2.9,2.7,2.2,1.0,4.0,1,1,3,0,0.0,1.0,0
0,31.0,11430800,14,Russia,3,2.5,0.0,0.0,0.0,1.0,1,1,0,0,0.43,1.0,1
0,16.0,750000000,7,Canada,3,2.5,2.0,2.0,0.0,5.0,1,0,3,0,0.43,1.0,1
1,35.0,40000000,36,Ukraine,1,4.2,4.2,4.1,1.0,11.0,1,1,2,1,0.97,1.0,1
1,30.0,20000000,11,Estonia,1,2.5,4.0,4.0,1.0,1.0,1,1,0,0,1.0,1.0,1
0,22.0,23302500,12,Russia,4,2.5,2.3,1.0,1.0,2.0,1,1,0,0,0.67,1.0,0
1,32.0,13800000,8,British Virgin Islands,2,2.6,2.0,1.0,1.0,2.0,1,1,0,1,0.75,1.0,0
0,61.0,150000000,1,Spain,2,1.9,0.0,0.0,1.0,1.0,1,1,0,0,1.0,1.0,1
0,62.0,21000000,2,USA,11,2.0,0.0,0.0,1.0,2.0,1,1,0,0,1.0,1.0,1
0,29.0,0,9,Estonia,3,2.3,3.0,2.0,1.0,1.0,1,1,0,0,0.0,1.0,0
0,30.0,200000000,1,UK,1,0.8,1.0,1.0,0.0,1.0,0,1,0,0,0.0,1.0,0
1,145.0,240000000,13,UK,3,3.3,3.4,2.8,1.0,2.0,1,1,0,1,1.0,1.0,0
1,35.0,1200000000,10,Latvia,1,2.0,0.0,0.0,1.0,6.0,1,1,0,0,0.0,1.0,0
1,120.0,699500000,20,UK,4,3.7,3.2,3.0,1.0,1.0,1,1,0,1,0.7,1.0,0
0,29.0,5100000000,5,Russia,1,2.3,0.0,0.0,1.0,1.0,1,0,0,1,0.0,1.0,0
0,30.0,2000000,12,Czech Republic,5,2.9,3.4,3.6,1.0,2.0,1,1,0,0,0.58,1.0,0
0,26.0,0,9,Estonia,2,2.2,3.0,2.5,1.0,3.0,1,1,0,0,0.0,1.0,0
1,30.0,250000000,19,British Virgin Islands,6,4.0,4.0,4.0,1.0,1.0,1,1,0,1,1.0,1.0,1
1,14.0,125000000,2,USA,2,3.4,0.0,0.0,0.0,3.0,1,1,1,1,1.0,1.0,1
1,71.0,284000000,20,UK,5,3.4,3.6,2.7,1.0,1.0,1,1,2,0,1.0,1.0,1
0,15.0,120000000,9,Nigeria,4,2.6,0.0,0.0,1.0,2.0,1,1,0,1,1.0,1.0,1
0,35.0,28000000,16,Slovenia,3,3.5,4.1,3.2,1.0,1.0,1,1,0,1,1.0,1.0,0
0,42.0,0,6,Singapore,1,2.3,1.0,1.0,1.0,1.0,1,0,0,0,1.0,1.0,0
0,28.0,210,3,USA,4,2.6,0.0,0.0,1.0,1.0,1,0,0,1,1.0,1.0,0
1,36.0,180000000,20,USA,1,2.9,3.0,3.0,1.0,3.0,1,1,0,0,0.83,1.0,0
0,30.0,20000000,11,UK,1,3.7,4.3,3.2,1.0,2.0,1,1,0,1,0.82,1.0,1
0,32.0,1000000000,7,Singapore,1,1.6,3.0,2.0,0.0,1.0,0,1,0,0,1.0,1.0,0
1,36.0,17200000,15,UK,3,3.3,3.2,4.2,1.0,1.0,1,1,0,0,1.0,1.0,0
0,49.0,4500000,4,USA,1,1.0,1.0,1.0,1.0,1.0,1,0,0,0,0.0,0.0,1
1,123.0,33600000,19,Russia,1,4.0,4.2,4.1,1.0,6.0,1,1,0,1,1.0,1.0,0
1,31.0,750000000,14,UK,5,4.0,3.9,3.9,1.0,3.0,1,1,0,1,1.0,1.0,1
1,60.0,52000000,1,UAE,2,2.4,0.0,0.0,1.0,2.0,1,1,0,1,1.0,1.0,0
1,28.0,35000000,23,Singapore,6,4.3,4.3,4.1,1.0,4.0,1,1,0,1,1.0,1.0,1
0,31.0,65000000,7,UK,2,3.1,2.0,1.0,1.0,1.0,1,0,3,0,0.29,1.0,1
1,120.0,50000000,14,Singapore,2,3.8,4.0,3.6,1.0,5.0,1,1,3,1,1.0,1.0,0
0,51.0,4500000000,4,Turkey,2,2.9,0.0,0.0,1.0,1.0,1,0,0,0,0.75,1.0,0
1,84.0,26990000,17,Belize,1,2.8,4.0,4.0,0.0,2.0,1,1,0,0,0.12,0.88,0
0,29.0,30000000,23,USA,2,2.1,0.0,0.0,0.0,1.0,1,0,0,0,0.78,0.17,0
1,1.0,500000000,9,Singapore,2,3.0,4.0,4.0,0.0,3.0,1,1,0,0,0.0,0.89,1
0,15.0,0,15,Russia,1,2.3,1.0,1.0,1.0,1.0,1,1,0,0,0.27,1.0,0
1,3.0,10000000000,18,Singapore,6,3.5,0.0,0.0,1.0,1.0,1,1,0,1,0.0,1.0,1
1,45.0,11000000,13,USA,2,4.0,5.0,4.6,1.0,2.0,1,1,2,1,0.54,1.0,0
1,31.0,120000000,14,Switzerland,3,3.4,4.0,2.9,0.0,4.0,1,1,2,0,0.79,1.0,1
1,42.0,7000000,22,Estonia,3,3.9,4.1,3.9,1.0,3.0,1,1,3,1,0.95,1.0,0
1,30.0,869474423,23,Germany,2,3.6,0.0,0.0,1.0,1.0,1,0,2,0,0.82,1.0,1
0,31.0,120000000,3,Russia,1,2.3,3.0,3.0,1.0,1.0,1,1,0,1,0.0,1.0,0
0,70.0,120000000,9,Australia,1,2.3,0.0,0.0,1.0,4.0,1,0,0,0,0.0,1.0,0
1,71.0,150000000,10,England,3,2.4,0.0,0.0,0.0,2.0,1,0,0,0,1.0,1.0,0
0,29.0,300000,3,Netherland,2,2.0,0.0,0.0,1.0,1.0,1,1,0,0,0.0,1.0,1
0,61.0,400000000,10,USA,3,2.5,0.0,0.0,1.0,1.0,1,1,0,0,0.9,1.0,1
1,91.0,200000000,14,Luxembourg,2,3.8,4.2,4.2,1.0,2.0,1,1,0,0,1.0,1.0,0
0,31.0,100000000,8,Russia,3,1.7,2.2,2.0,1.0,1.0,0,0,0,0,0.0,1.0,0
1,30.0,700000000,15,USA,2,3.3,0.0,0.0,1.0,1.0,1,1,3,0,0.67,1.0,0
0,222.0,0,9,Germany,2,2.3,4.0,3.0,1.0,1.0,1,1,0,0,0.67,1.0,1
0,61.0,2500000,7,France,3,1.8,1.0,1.0,1.0,1.0,1,0,0,1,1.0,1.0,0
1,55.0,75000000,20,Estonia,4,4.1,4.4,3.6,1.0,2.0,1,1,0,1,1.0,1.0,0
0,30.0,150000000,5,Singapore,4,2.5,0.0,0.0,1.0,1.0,1,0,1,0,0.0,1.0,1
0,30.0,0,8,Austria,4,2.4,3.0,3.0,1.0,1.0,1,1,0,0,0.88,1.0,0
0,17.0,586200000,12,Belarus,4,2.8,2.4,2.9,1.0,1.0,1,1,0,0,0.92,0.33,0
0,64.0,200000000,16,Seychelles,5,4.1,3.2,3.4,1.0,2.0,1,1,0,1,0.94,1.0,0
0,28.0,4,5,Canada,1,2.5,0.0,0.0,1.0,1.0,1,0,0,0,1.0,1.0,1
1,46.0,700000,5,Lithuania,1,2.9,4.0,4.0,0.0,1.0,1,1,0,0,0.6,1.0,0
1,99.0,4289400000,20,Estonia,3,4.0,4.0,3.8,1.0,3.0,1,1,0,1,1.0,1.0,0
1,21.0,320000000,16,Poland,3,4.1,4.0,4.2,1.0,1.0,1,1,2,1,0.94,1.0,1
1,13.0,300000000,16,USA,2,3.6,4.2,3.7,1.0,1.0,1,0,2,0,0.94,1.0,1
0,21.0,40000000,3,UK,4,2.1,0.0,0.0,1.0,1.0,1,1,0,0,0.67,1.0,0
1,4.0,165680000,14,Russia,3,3.9,5.0,4.0,1.0,1.0,1,1,3,1,0.54,1.0,0
0,27.0,150000000,9,Nigeria,3,2.6,0.0,0.0,1.0,1.0,1,1,0,1,1.0,1.0,1
0,31.0,53000000,14,Bulgaria,3,3.6,3.5,4.0,0.0,7.0,1,1,0,0,0.43,1.0,1
1,29.0,66000000,8,Russia,4,2.1,1.0,1.0,1.0,1.0,1,0,0,1,0.38,0.38,0
1,57.0,10000000,1,South Africa,1,2.5,0.0,0.0,0.0,6.0,1,1,0,0,0.5,0.5,0
0,30.0,400000000,7,UK,1,2.6,2.2,1.2,1.0,1.0,1,1,0,1,1.0,1.0,1
0,33.0,150000000,9,Brazil,4,3.1,3.5,4.0,1.0,1.0,1,0,0,1,0.78,1.0,1
0,30.0,2500000000,6,Canada,1,2.0,0.0,0.0,1.0,1.0,1,0,0,1,0.0,1.0,0
1,30.0,247500000,10,Cayman Island,2,2.0,1.0,1.0,0.0,1.0,0,0,0,1,1.0,1.0,0
0,30.0,500000000,16,Singapore,2,2.6,0.0,0.0,1.0,1.0,1,1,0,0,0.0,1.0,1
0,89.0,178,16,Belize,7,3.4,3.9,3.6,1.0,1.0,1,1,0,1,0.6,1.0,0
0,31.0,340,13,Romania,1,2.9,3.5,3.5,1.0,2.0,1,0,0,1,1.0,1.0,1
0,30.0,12700000,7,Latvia,1,3.8,3.8,3.8,1.0,1.0,1,1,0,1,0.88,1.0,1
1,31.0,215000000,12,USA,4,4.5,4.3,4.4,1.0,2.0,1,1,2,1,0.92,1.0,0
1,31.0,900000000,11,UAE,2,3.8,0.0,0.0,1.0,1.0,1,1,0,1,0.0,1.0,1
0,10.0,30000000,7,Estonia,1,2.2,2.0,1.0,1.0,4.0,1,1,0,0,1.0,1.0,0
1,31.0,25000000,6,Latvia,2,2.8,2.2,2.9,1.0,2.0,1,1,3,1,0.0,0.0,1
0,30.0,0,12,USA,4,3.0,5.0,5.0,1.0,3.0,1,1,0,0,0.67,1.0,0
1,76.0,100,10,Russia,1,1.9,3.0,3.0,1.0,1.0,1,1,0,1,1.0,1.0,0
0,30.0,8500000,7,Russia,2,1.8,1.6,2.4,1.0,6.0,1,0,0,0,0.0,0.0,0
1,4.0,500000000,7,Germany,2,3.9,5.0,5.0,1.0,1.0,1,0,2,1,1.0,1.0,1
1,16.0,18514065480,17,Estonia,1,3.7,4.0,4.0,1.0,1.0,1,1,0,0,0.94,1.0,0
0,16.0,0,9,Slovenia,5,2.8,3.5,2.9,1.0,1.0,1,0,0,0,0.89,1.0,0
0,33.0,8,6,USA,2,1.8,0.0,0.0,1.0,1.0,1,1,0,0,0.0,1.0,1
0,57.0,0,16,Russia,2,3.2,3.9,4.1,1.0,1.0,1,1,0,0,0.5,1.0,0
1,39.0,700000000,9,Estonia,3,3.7,3.9,3.3,1.0,1.0,1,1,0,0,1.0,1.0,0
1,41.0,14250000,11,British Virgin Islands,1,3.3,3.6,2.9,0.0,1.0,1,1,3,0,0.91,1.0,1
0,28.0,75000000,9,Denmark,5,2.8,3.0,3.0,1.0,1.0,1,1,0,1,0.89,1.0,0
1,54.0,7,13,Austria,3,3.3,3.6,3.5,1.0,3.0,1,1,0,1,1.0,1.0,0
0,56.0,1000000000,15,Austria,2,3.3,4.3,3.6,1.0,1.0,1,1,0,0,0.92,1.0,0
1,85.0,1500000000,10,Germany,7,2.6,1.7,1.7,1.0,6.0,1,1,3,1,0.8,1.0,0
0,16.0,325000000,6,Estonia,3,2.3,2.0,3.0,1.0,3.0,1,0,0,0,0.7,1.0,0
1,0.0,252460800,18,USA,2,2.9,0.0,0.0,1.0,1.0,1,1,0,1,0.63,0.84,0
0,167.0,80000000,11,Singapore,1,2.6,2.0,2.0,1.0,3.0,1,1,0,0,0.27,1.0,0
0,55.0,64000000,9,UK,5,2.6,0.0,0.0,1.0,3.0,1,1,0,0,0.33,1.0,0
1,21.0,121000000,5,UK,4,2.5,2.0,1.0,1.0,1.0,1,0,0,0,0.6,1.0,1
1,29.0,123,6,UK,3,3.6,4.0,4.0,1.0,1.0,1,1,0,1,1.0,1.0,0
1,30.0,47,16,Belize,2,4.0,4.3,3.9,1.0,1.0,1,1,0,1,1.0,1.0,0
1,46.0,240000000,15,UAE,1,3.2,3.0,2.0,1.0,3.0,1,0,0,0,1.0,1.0,0
0,45.0,50000000,6,Croatia,3,3.2,3.8,3.5,1.0,1.0,1,1,0,0,1.0,1.0,1
1,18.0,5000000000,17,Gibraltar,2,3.3,2.6,2.6,0.0,3.0,1,1,0,1,0.76,1.0,1
0,30.0,400,7,Russia,1,2.4,1.0,2.0,1.0,2.0,1,1,0,0,0.71,1.0,0
1,61.0,510000000,12,Estonia,2,4.3,4.3,4.9,1.0,1.0,1,1,0,1,0.92,1.0,0
0,59.0,20000000,15,Saint Kitts and Nevis,9,3.9,4.7,4.0,1.0,1.0,1,1,0,1,0.94,1.0,0
0,45.0,13650000,11,USA,4,3.0,0.0,0.0,1.0,1.0,1,0,0,0,0.82,1.0,1
0,71.0,500000000,12,UK,1,2.5,0.0,0.0,1.0,1.0,1,1,2,0,0.17,1.0,0
1,60.0,1151000000,6,Singapore,4,3.2,4.0,3.5,1.0,1.0,1,1,0,1,1.0,0.83,0
0,30.0,0,5,Russia,2,2.3,0.0,0.0,1.0,1.0,1,1,0,1,0.0,1.0,0
1,16.0,375000000,16,Singapore,4,3.3,5.0,4.0,1.0,1.0,1,1,3,0,0.56,1.0,0
1,30.0,560000000,17,Canada,3,3.4,2.8,2.7,1.0,1.0,1,1,3,0,1.0,0.76,1
0,31.0,60000000,6,Russia,2,2.3,0.0,0.0,0.0,1.0,1,1,0,0,1.0,1.0,0
1,18.0,40000000,7,Netherland,3,2.5,0.0,0.0,1.0,1.0,1,1,0,1,0.43,1.0,1
0,41.0,142857143,4,Monaco,2,2.3,0.0,0.0,1.0,1.0,1,0,0,1,0.75,1.0,1
1,43.0,240000000,22,Japan,3,3.2,3.0,3.0,1.0,3.0,1,1,3,1,0.95,1.0,1
1,30.0,10000000,18,USA,2,3.1,3.0,3.0,1.0,1.0,1,1,0,0,0.0,1.0,1
0,29.0,350000000,25,USA,1,3.0,2.7,2.3,1.0,1.0,1,1,0,1,0.96,0.72,1
1,14.0,150000000,51,Singapore,1,3.9,4.3,3.8,1.0,1.0,1,1,3,1,0.86,1.0,0
0,30.0,0,12,Russia,2,1.9,0.0,0.0,0.0,1.0,1,1,0,0,0.0,1.0,0
1,0.0,42300000,8,UK,2,2.3,4.0,5.0,1.0,1.0,1,0,3,0,0.0,0.0,1
0,61.0,30600000,8,Latvia,1,3.5,4.0,3.0,1.0,1.0,1,1,2,0,0.38,1.0,1
1,31.0,27000000,15,Italy,2,3.2,4.0,3.6,1.0,1.0,1,0,0,0,0.93,1.0,1
1,21.0,98000000,14,Russia,2,3.6,3.4,3.9,1.0,2.0,1,1,0,1,0.93,1.0,1
0,26.0,200000000,16,USA,2,3.6,3.7,3.5,1.0,1.0,1,1,2,1,0.81,1.0,0
1,37.0,50000000,18,France,1,3.7,4.1,3.3,1.0,3.0,1,1,0,1,0.95,1.0,0
0,25.0,15000000,10,Slovenia,3,2.5,0.0,0.0,1.0,1.0,1,0,0,0,0.9,1.0,1
1,40.0,3000000,9,Estonia,1,2.8,0.0,0.0,1.0,3.0,1,0,2,0,0.0,1.0,1
0,45.0,50000000,5,USA,2,2.5,0.0,0.0,0.0,1.0,1,0,3,0,0.0,1.0,0
0,46.0,200000000,7,Singapore,1,1.7,1.0,2.0,1.0,2.0,1,0,0,1,0.0,0.0,0
1,42.0,212500000,16,Estonia,2,2.9,3.5,2.8,1.0,2.0,1,0,0,1,0.75,1.0,0
0,30.0,500000000,5,USA,7,3.3,0.0,0.0,1.0,2.0,1,1,0,1,1.0,1.0,1
1,59.0,1520000,28,Thailand,1,3.3,0.0,0.0,1.0,4.0,1,1,0,0,0.57,1.0,1
1,36.0,885000000,39,Singapore,4,4.1,4.3,3.9,1.0,3.0,1,1,3,1,0.38,1.0,1
1,46.0,1600000,5,Russia,2,2.3,2.1,1.7,1.0,1.0,1,1,0,0,0.0,1.0,0
0,105.0,1200000000,6,USA,1,2.3,0.0,0.0,1.0,1.0,1,0,0,0,0.0,1.0,0
1,92.0,150000000,37,Switzerland,2,3.7,4.5,3.5,0.0,3.0,1,1,3,0,0.89,1.0,0
1,70.0,70000000,13,Singapore,2,3.1,0.0,0.0,1.0,1.0,1,1,0,0,1.0,0.62,1
1,30.0,380000000,14,Cayman Island,5,3.4,3.7,3.1,1.0,2.0,1,1,0,1,0.79,1.0,0
1,21.0,1308800000,23,Malta,5,4.4,4.6,4.0,1.0,6.0,1,1,0,0,0.77,1.0,1
1,64.0,22,20,Estonia,6,3.7,3.9,3.4,1.0,3.0,1,1,0,1,0.95,1.0,1
1,88.0,10000000000,14,USA,2,3.2,3.6,3.1,0.0,3.0,1,0,2,1,0.86,1.0,1
1,47.0,6900000,6,UK,1,3.0,4.0,4.0,0.0,1.0,1,1,0,1,0.83,1.0,1
1,31.0,3000000000,14,Singapore,2,4.3,4.5,4.1,1.0,1.0,1,1,0,1,0.0,1.0,1
0,31.0,33700000,11,USA,3,3.5,1.9,2.3,1.0,1.0,1,0,2,1,0.36,1.0,0
1,31.0,300000000,13,Singapore,2,3.8,3.4,2.8,1.0,1.0,1,1,0,0,0.92,1.0,0
1,31.0,33000000,22,Russia,5,4.0,4.0,3.6,1.0,2.0,1,1,2,1,0.91,1.0,1
0,31.0,100000000,15,USA,1,2.4,0.0,0.0,1.0,1.0,1,0,0,0,0.4,0.0,0
0,132.0,0,4,Czech Republic,4,2.9,2.0,2.0,1.0,1.0,1,1,0,1,0.0,1.0,1
0,50.0,936000000,8,Czech Republic,1,1.9,1.6,1.0,1.0,1.0,1,0,0,1,0.0,1.0,0
1,30.0,500000000,17,Poland,4,3.5,4.0,3.1,1.0,3.0,1,1,0,1,1.0,1.0,0
0,10.0,40000000,15,UK,2,3.4,5.0,4.8,1.0,1.0,1,1,0,0,0.8,0.93,1
0,31.0,6000000,10,Estonia,1,2.6,0.0,0.0,0.0,1.0,1,1,0,1,0.9,1.0,0
1,31.0,400000000,5,Latvia,1,2.0,0.0,0.0,1.0,1.0,1,0,0,0,0.0,1.0,1
0,46.0,0,3,USA,1,1.2,1.4,1.7,1.0,1.0,0,0,0,0,0.0,1.0,0
0,14.0,0,9,Belarus,1,2.5,3.0,2.0,1.0,1.0,1,0,0,1,0.0,1.0,0
1,0.0,100000000,16,UK,2,3.3,3.1,3.2,1.0,1.0,1,1,2,1,1.0,0.0,0
0,28.0,7000000,10,Russia,2,2.8,2.1,2.3,1.0,1.0,1,0,0,1,0.4,1.0,1
1,31.0,50000000,11,UK,1,2.4,0.0,0.0,0.0,1.0,1,1,3,0,0.0,1.0,1
1,1.0,45000000,12,Switzerland,2,3.3,0.0,0.0,1.0,1.0,1,1,2,1,0.75,1.0,0
0,30.0,15000000,19,Switzerland,17,4.4,4.3,4.4,1.0,1.0,1,1,1,1,1.0,1.0,1
0,32.0,220000000,14,USA,3,3.8,3.6,3.6,1.0,1.0,1,0,0,0,0.29,1.0,0
0,21.0,0,1,USA,1,2.5,0.0,0.0,1.0,1.0,1,0,0,1,1.0,1.0,1
0,54.0,2000000000,2,USA,4,1.8,1.6,1.0,1.0,2.0,1,0,0,1,1.0,0.0,0
1,15.0,510000000,26,USA,2,4.1,4.7,3.3,1.0,2.0,1,1,0,0,0.96,1.0,0
0,35.0,500000,4,Ukraine,1,2.1,0.0,0.0,0.0,4.0,1,1,0,0,0.0,1.0,0
1,27.0,350000000,43,France,3,3.9,3.5,3.7,1.0,1.0,1,1,2,1,0.95,1.0,1
0,91.0,0,7,Poland,2,2.1,0.0,0.0,1.0,1.0,1,1,0,1,1.0,1.0,0
1,1.0,350000000,9,USA,2,3.4,0.0,0.0,1.0,1.0,1,1,2,1,0.33,1.0,1
0,81.0,500000000,4,Russia,4,1.4,1.1,1.0,1.0,1.0,1,0,0,0,0.0,1.0,1
0,24.0,50000000,15,UK,2,2.7,4.0,3.0,1.0,1.0,1,0,2,0,0.93,1.0,1
1,48.0,54000000,17,Finland,2,3.8,4.0,3.6,1.0,1.0,1,1,0,1,0.76,1.0,0
0,31.0,137500000,5,India,3,2.0,0.0,0.0,1.0,1.0,1,0,0,0,0.0,1.0,0
0,35.0,13000000000,8,Germany,1,3.0,2.5,3.0,1.0,3.0,1,1,1,0,0.88,1.0,0
0,89.0,250000000,10,USA,7,2.9,0.0,0.0,1.0,1.0,1,1,0,1,0.8,1.0,1
0,46.0,25000000,17,Australia,1,2.0,0.0,0.0,0.0,6.0,1,1,0,0,0.0,0.0,1
0,62.0,10500000,8,UK,3,2.7,3.0,3.5,1.0,1.0,1,1,0,0,0.0,1.0,0
0,89.0,300000000,14,Marshall Islands,1,2.7,2.6,1.7,1.0,1.0,1,1,0,1,0.93,1.0,0
0,7.0,17000000,9,Germany,6,2.3,2.3,1.4,1.0,1.0,1,1,0,1,0.11,1.0,0
0,31.0,650000000,10,Estonia,5,2.9,0.0,0.0,1.0,4.0,1,1,0,1,0.3,1.0,0
0,27.0,0,7,Singapore,3,2.1,0.0,0.0,0.0,1.0,1,0,0,0,0.0,1.0,0
0,31.0,0,12,Japan,2,2.5,0.0,0.0,1.0,1.0,1,1,0,1,0.33,1.0,0
